url,neighborhood,source,dest,matrix
"https://lh3.googleusercontent.com/d/1-GtsKyWZEbefTTl_uJlqnQkYWPUzwp2Z
",Columbia,"POLYGON ((851.5 1737.5, 855 1304.5, 1280 1307.5, 1278 1740, 851.5 1737.5))","POLYGON ((6278946 1841436.99999983, 6278953.17300012 1842563.14399985, 6279780 1842558.99999987, 6279769 1841430.99999986, 6278946 1841436.99999983))","[[1.9373405235553534, -0.02872787349417437, 0.0], [0.03330770739012223, 2.604256628065741, 0.0], [6277245.889263321, 1838063.5083198308, 1.0000000000000002]]"
"https://lh3.googleusercontent.com/d/1-nmbVB2E33-9mwqszD2sC_LST6JvXYtI
",gaslamp,"POLYGON ((993.5 1945, 986.5 1149, 1376.5 1147, 1382 1946.5, 993.5 1945))","POLYGON ((6281435 1838724.99999984, 6281433.0009999 1841407.99999986, 6281993.00000013 1841406.99999985, 6281990 1838723.99999983, 6281435 1838724.99999984))","[[1.432215302465714, -0.00037932683156452084, 0.0], [-0.010583475896055461, 3.363195816640655, 0.0], [6280032.483511611, 1834864.00583103, 0.9999999999999998]]"
"https://lh3.googleusercontent.com/d/10yNBr47tUjYL9oovEDclJzAqEtRfAB1N
",Barrio Logan,"POLYGON ((506 1526.5, 1056 1082, 1244 1317, 561.5 1872.5, 506 1526.5))","POLYGON ((6284815.309510723 1836171.631447062, 6284995.965973556 1837498.1724291444, 6287564.770219132 1835343.8962258995, 6286846.508204222 1834458.5886133164, 6284815.309510723 1836171.631447062))","[[3.724544823217859, -0.03727067242576983, 0.0], [-0.014112103312072577, 3.822681186058162, 0.0], [6282940.492797612, 1830358.4730470136, 1.0000000000000004]]"
"https://lh3.googleusercontent.com/d/118TgSUaYDYEKaYnaIb5_9nNUahbv91XJ
",Columbia,"POLYGON ((892.5 1763.5, 892 1354.5, 1293 1356.5, 1293 1763, 892.5 1763.5))","POLYGON ((6278946 1841436.99999983, 6278953.17300012 1842563.14399985, 6279780 1842558.99999987, 6279769 1841430.99999986, 6278946 1841436.99999983))","[[2.058381086936126, -0.01783605854445837, 0.0], [0.02100400610061115, 2.7641031042512623, 0.0], [6277080.2514929045, 1837706.7508451284, 1.0000000000000004]]"
"https://lh3.googleusercontent.com/d/12HYuJiD7hCqwfAny4oHpLzkTuWP6uM98
",gaslamp,"POLYGON ((975.5 1886, 976.5 1168, 1329.5 1171, 1323.5 1889, 975.5 1886))","POLYGON ((6281435 1838724.99999984, 6281433.0009999 1841407.99999986, 6281993.00000013 1841406.99999985, 6281990 1838723.99999983, 6281435 1838724.99999984))","[[1.5903793587211241, -0.03483359732469065, 0.0], [0.008449889453913784, 3.736598996935527, 0.0], [6279868.910357255, 1834394.7106119508, 0.9999999999999998]]"
"https://lh3.googleusercontent.com/d/12L-mO46Sr2iOdXObVoby-0rDcjCa8dto
",east_village_south,"POLYGON ((284 1733, 272 1115.5, 1269.5 1103, 1279.5 1716.5, 284 1733))","POLYGON ((6282272.21743156 1837990.84746804, 6282272 1839874.99999986, 6284995.00099991 1839861.99999983, 6284987 1837946.99999986, 6282272.21743156 1837990.84746804))","[[2.727816890371644, 0.016357079002385543, 0.0], [-0.04246351866549958, 3.0858255410212223, 0.0], [6281574.257552665, 1834533.399892694, 0.9999999999999999]]"
"https://lh3.googleusercontent.com/d/1634beOMnc5xx4TyOaEi2Km2gWYrs5qOw
",east_village,"POLYGON ((284.5 1448, 286.5 1039.5, 1241.5 1039, 1240 1456.5, 284.5 1448))","POLYGON ((6282272 1839874.99999986, 6282274 1841025.99999984, 6284997.99899991 1841020.99999985, 6284995.00099991 1839861.99999983, 6282272 1839874.99999986))","[[2.851010125415496, -0.021133309230776387, 0.0], [0.01812360986332351, 2.796294369898078, 0.0], [6281436.495411007, 1836978.6436451506, 0.9999999999999999]]"
"https://lh3.googleusercontent.com/d/18Mo8vM17ThuBN32Kwz-gvgE9vnsGa3Ox
",sherman_heights,"POLYGON ((233.5 1834.5, 232 1149, 697 1153, 695.5 1836, 233.5 1834.5))","POLYGON ((6285842.880290225 1838320.4808238894, 6285858.862213641 1840242.7000765651, 6287154.647679806 1840266.7971412241, 6287147.123088554 1838309.2908856422, 6285842.880290225 1838320.4808238894))","[[2.804675074519978, -0.0030445323397178567, 0.0], [0.01717684680443199, 2.8349643153080706, 0.0], [6285172.459566573, 1835053.2753238117, 0.9999999999999999]]"
"https://lh3.googleusercontent.com/d/19QxAKljkAaNb03vMPy2oQbkZi9UodHPl
",east_village_south,"POLYGON ((331 1686, 334 1132.5, 1240.5 1135, 1237.5 1688.5, 331 1686))","POLYGON ((6282272.21743156 1837990.84746804, 6282272 1839874.99999986, 6284995.00099991 1839861.99999983, 6284987 1837946.99999986, 6282272.21743156 1837990.84746804))","[[2.9992648270211477, -0.04081965756567803, 0.0], [0.023287404959773994, 3.4317141949770757, 0.0], [6281242.035385343, 1834110.3530408149, 1.0000000000000002]]"
"https://lh3.googleusercontent.com/d/1A3yT8sS8V4T7AATgGesDj3KUO0H0xG61
",cortez,"POLYGON ((545 1565.5, 544.5 1295.5, 1285.5 1296, 1285 1567, 545 1565.5))","POLYGON ((6280594 1842941.99999986, 6280598.99400006 1843695.21999986, 6282840 1843687.99999984, 6282836.99999987 1842925.99999983, 6280594 1842941.99999986))","[[3.0276676247058196, -0.019463617583948278, 0.0], [0.014779826383346517, 2.8007967302023644, 0.0], [6278926.032691823, 1839322.6740890178, 1.0000000000000002]]"
"https://lh3.googleusercontent.com/d/1Byb8FTOwi0HlpCxRXBpKJ5xhXojwjFAc
",marina,"POLYGON ((360.5 1627.5, 361 1496, 1176 1095.5, 1171.5 1635.5, 360.5 1627.5))","POLYGON ((6278929 1839874.99999984, 6278933 1840277.99999986, 6281151 1840266.99999984, 6281156.999 1838723.99999984, 6278929 1839874.99999984))","[[2.7375374453912236, -0.022116036581842597, 0.0], [0.013335621350961446, 2.8688418468284453, 0.0], [6277922.605796223, 1835604.0598808487, 0.9999999999999999]]"
"https://lh3.googleusercontent.com/d/1Cgrh03QLCkw9DMCEEZ2aLtLk7jvEVu--
",Golden Hill,"POLYGON ((325 1647.5, 319.5 1349, 1182 1381, 1176.5 1650.5, 325 1647.5))","POLYGON ((6285851.602057546 1841024.0836843997, 6285845.135206968 1842159.1903380603, 6289136.307430387 1842152.8734215647, 6289139.730979964 1841108.5644865632, 6285851.602057546 1841024.0836843997))","[[3.8388351352342904, -0.03278717398936546, 0.0], [-0.02139508788513922, 3.83520984901088, 0.0], [6284643.430838381, 1835856.1317110602, 1.0000000000000002]]"
"https://lh3.googleusercontent.com/d/1DHIfcwN3kps1tp59nQijNySoDwC2aRX0
",city_center,"POLYGON ((431.5 1615, 430.5 1383, 1355.5 1378.5, 1357 1612.5, 431.5 1615))","POLYGON ((6280315 1841426.99999984, 6280318 1842176.99899985, 6283399.60100012 1842164.96199983, 6283395.99999989 1841402.99999985, 6280315 1841426.99999984))","[[3.3302214250927893, -0.007199712240313683, 0.0], [-0.003710499304361292, 3.244640619803704, 0.0], [6278886.736674092, 1836941.3859246932, 1.0]]"
"https://lh3.googleusercontent.com/d/1DNwUAMpOrTPtox8N377iMPwe9W5GpKdV
",Barrio Logan,"POLYGON ((404 1514.5, 1033 987, 1256 1260, 475.5 1912.5, 404 1514.5))","POLYGON ((6284815.309510723 1836171.631447062, 6284995.965973556 1837498.1724291444, 6287564.770219132 1835343.8962258995, 6286846.508204222 1834458.5886133164, 6284815.309510723 1836171.631447062))","[[3.209272257553859, 0.009814747652987127, 0.0], [-0.06874325036915252, 3.291946044161932, 0.0], [6283611.005990537, 1831190.6722082254, 1.0000000000000004]]"
"https://lh3.googleusercontent.com/d/1DfSnp0lgRDOOwq8x_RoQbfNg9Vjb0bRb
",gaslamp,"POLYGON ((1008.5 1904, 1007.5 1222, 1349.5 1220, 1340.5 1906, 1008.5 1904))","POLYGON ((6281435 1838724.99999984, 6281433.0009999 1841407.99999986, 6281993.00000013 1841406.99999985, 6281990 1838723.99999983, 6281435 1838724.99999984))","[[1.6538291129571931, -0.0026222093315255435, 0.0], [0.010449184978824633, 3.922465693596905, 0.0], [6279750.688222497, 1833938.2711500342, 1.0]]"
"https://lh3.googleusercontent.com/d/1DfhhnSBB1QZahzDKYAExVQFxhy8VJmNg
",Columbia,"POLYGON ((850.5 1743.5, 854 1310.5, 1274 1313.5, 1271 1745, 850.5 1743.5))","POLYGON ((6278946 1841436.99999983, 6278953.17300012 1842563.14399985, 6279780 1842558.99999987, 6279769 1841430.99999986, 6278946 1841436.99999983))","[[1.9627218415764018, -0.026024092233380758, 0.0], [0.0357728775279611, 2.6072467289693577, 0.0], [6277222.231205112, 1838040.984437133, 1.0000000000000002]]"
"https://lh3.googleusercontent.com/d/1DmfNAtY-hU9jTEhbdGFNHgjOkm1aVueS
",sherman_heights,"POLYGON ((179.5 1897.5, 163 1139.5, 676 1138, 686.5 1894, 179.5 1897.5))","POLYGON ((6285842.880290225 1838320.4808238894, 6285858.862213641 1840242.7000765651, 6287154.647679806 1840266.7971412241, 6287147.123088554 1838309.2908856422, 6285842.880290225 1838320.4808238894))","[[2.5488617368458533, 0.02498078064318551, 0.0], [-0.02993516154219833, 2.5620849818551505, 0.0], [6285459.845126589, 1835386.8457353653, 1.0]]"
"https://lh3.googleusercontent.com/d/1FGgpJGx8Y6ZPkXuynCU0Y3f58jfNm6MD
",Golden Hill,"POLYGON ((251 1613.5, 248.5 1298, 1158 1337, 1151.5 1619.5, 251 1613.5))","POLYGON ((6285851.602057546 1841024.0836843997, 6285845.135206968 1842159.1903380603, 6289136.307430387 1842152.8734215647, 6289139.730979964 1841108.5644865632, 6285851.602057546 1841024.0836843997))","[[3.6347605060311166, -0.04743245911180788, 0.0], [0.004483400831304607, 3.6415377784981047, 0.0], [6284934.106204341, 1836302.3515060027, 1.0000000000000004]]"
"https://lh3.googleusercontent.com/d/1GdTyEOVGzB0mTieJgipXLGMz31QoopdD
",east_village_south,"POLYGON ((334 1685, 334 1130.5, 1240.5 1130, 1239.5 1684.5, 334 1685))","POLYGON ((6282272.21743156 1837990.84746804, 6282272 1839874.99999986, 6284995.00099991 1839861.99999983, 6284987 1837946.99999986, 6282272.21743156 1837990.84746804))","[[3.0009862589655523, -0.029491587375488012, 0.0], [0.009724570785692777, 3.4257195895947916, 0.0], [6281256.09108868, 1834120.2214238073, 1.0000000000000004]]"
"https://lh3.googleusercontent.com/d/1JUlt07mOzawpmIyrMwU8j3zmjxnrcvY8
",city_center,"POLYGON ((491.5 1649, 492.5 1429, 1368.5 1430.5, 1368 1652.5, 491.5 1649))","POLYGON ((6280315 1841426.99999984, 6280318 1842176.99899985, 6283399.60100012 1842164.96199983, 6283395.99999989 1841402.99999985, 6280315 1841426.99999984))","[[3.516385947304545, -0.03032176548991234, 0.0], [0.026855438712118485, 3.4206758914435795, 0.0], [6278545.107681288, 1836552.497240173, 0.9999999999999999]]"
"https://lh3.googleusercontent.com/d/1Mjmoln4DXXbMoR8tYzlYd1gzHYURqmwx
",city_center,"POLYGON ((430.5 1623, 431.5 1387, 1357.5 1389.5, 1358 1623.5, 430.5 1623))","POLYGON ((6280315 1841426.99999984, 6280318 1842176.99899985, 6283399.60100012 1842164.96199983, 6283395.99999989 1841402.99999985, 6280315 1841426.99999984))","[[3.3248150096418554, -0.02464113209475883, 0.0], [0.017621159546251874, 3.216744987485754, 0.0], [6278856.985764764, 1836971.4148974526, 1.0]]"
"https://lh3.googleusercontent.com/d/1NFeamT8L4Ka5GMfa6xO46hqtmtzR6ets
",cortez,"POLYGON ((548.5 1554, 546 1285, 1283.5 1277.5, 1285.5 1547, 548.5 1554))","POLYGON ((6280594 1842941.99999986, 6280598.99400006 1843695.21999986, 6282840 1843687.99999984, 6282836.99999987 1842925.99999983, 6280594 1842941.99999986))","[[3.0409311160253187, 0.011919980366866487, 0.0], [-0.01056754000728688, 2.813692003174765, 0.0], [6278947.3480298, 1839318.0516228334, 0.9999999999999998]]"
"https://lh3.googleusercontent.com/d/1NGS47HSEkE3TMszHwjLUBR83dxQwgfMX
",east_village_south,"POLYGON ((339 1674, 331 1117.5, 1237.5 1110, 1242.5 1662.5, 339 1674))","POLYGON ((6282272.21743156 1837990.84746804, 6282272 1839874.99999986, 6284995.00099991 1839861.99999983, 6284987 1837946.99999986, 6282272.21743156 1837990.84746804))","[[3.0039883273662715, 0.0045111775863020875, 0.0], [-0.02825112557002285, 3.425547257068729, 0.0], [6281305.211115732, 1834150.2230799654, 1.0]]"
"https://lh3.googleusercontent.com/d/1N_vIxEUzl3SfFmxQhghvfPTwkievESZw
",gaslamp,"POLYGON ((982.5 1871, 973.5 1152, 1323.5 1149, 1329.5 1869, 982.5 1871))","POLYGON ((6281435 1838724.99999984, 6281433.0009999 1841407.99999986, 6281993.00000013 1841406.99999985, 6281990 1838723.99999983, 6281435 1838724.99999984))","[[1.5995362292568414, 0.023901623902779546, 0.0], [-0.015973155806022987, 3.728727581043131, 0.0], [6279893.808088414, 1834407.1485244352, 1.0]]"
"https://lh3.googleusercontent.com/d/1O6Th2H80F2bdevAZq3A1GDe26L9hW7yH
",marina,"POLYGON ((362.5 1625.5, 362.5 1490.5, 1174.5 1091.5, 1169.5 1630.5, 362.5 1625.5))","POLYGON ((6278929 1839874.99999984, 6278933 1840277.99999986, 6281151 1840266.99999984, 6281156.999 1838723.99999984, 6278929 1839874.99999984))","[[2.7498596586954087, -0.019320871772713022, 0.0], [0.015281177585166006, 2.8697851597196404, 0.0], [6277910.367048183, 1835612.3724981037, 1.0000000000000002]]"
"https://lh3.googleusercontent.com/d/1PHaCjgUX2bB0u30cCskddBxrMf8oZhE2
",east_village_south,"POLYGON ((402 1711, 402 1185.5, 1259.5 1186, 1256.5 1710.5, 402 1711))","POLYGON ((6282272.21743156 1837990.84746804, 6282272 1839874.99999986, 6284995.00099991 1839861.99999983, 6284987 1837946.99999986, 6282272.21743156 1837990.84746804))","[[3.1762572493106327, -0.033240505898831055, 0.0], [0.0164718307523799, 3.6181143627379697, 0.0], [6280971.40576205, 1833706.3673609574, 1.0]]"
"https://lh3.googleusercontent.com/d/1PRopxpn_jNO0zU6WnS2JyKwaWokuuNxP
",marina,"POLYGON ((314.5 1661, 311 1519.5, 1199.5 1053.5, 1208 1652, 314.5 1661))","POLYGON ((6278929 1839874.99999984, 6278933 1840277.99999986, 6281151 1840266.99999984, 6281156.999 1838723.99999984, 6278929 1839874.99999984))","[[2.4830504462779186, 0.0388310356115051, 0.0], [-0.04464382112837484, 2.5918667855912645, 0.0], [6278225.420131899, 1835942.624392095, 1.0000000000000002]]"
"https://lh3.googleusercontent.com/d/1PlkpvZUOkNz34TOZZpNPJAIhRF3F6Y1l
",Barrio Logan,"POLYGON ((446 1484.5, 1036 1016, 1229 1271, 503.5 1848.5, 446 1484.5))","POLYGON ((6284815.309510723 1836171.631447062, 6284995.965973556 1837498.1724291444, 6287564.770219132 1835343.8962258995, 6286846.508204222 1834458.5886133164, 6284815.309510723 1836171.631447062))","[[3.5227588256323643, -0.07678225158221003, 0.0], [0.026446194793606992, 3.604428029658038, 0.0], [6283187.504511977, 1830865.5549341145, 1.0000000000000002]]"
"https://lh3.googleusercontent.com/d/1TyWQNmf84eYNUku3LsLw_1ZEFSln06ni
",Golden Hill,"POLYGON ((251 1613.5, 248.5 1296, 1158 1338, 1152.5 1620.5, 251 1613.5))","POLYGON ((6285851.602057546 1841024.0836843997, 6285845.135206968 1842159.1903380603, 6289136.307430387 1842152.8734215647, 6289139.730979964 1841108.5644865632, 6285851.602057546 1841024.0836843997))","[[3.6329242728418656, -0.0551078630806185, 0.0], [-0.0014163498653942952, 3.628628746179629, 0.0], [6284943.142402297, 1836326.692885815, 0.9999999999999999]]"
"https://lh3.googleusercontent.com/d/1VaJR0pUd8WtM6aqWRee4zdvv6wM16M5X
",sherman_heights,"POLYGON ((241.5 1826.5, 231 1141.5, 697 1141, 704.5 1825, 241.5 1826.5))","POLYGON ((6285842.880290225 1838320.4808238894, 6285858.862213641 1840242.7000765651, 6287154.647679806 1840266.7971412241, 6287147.123088554 1838309.2908856422, 6285842.880290225 1838320.4808238894))","[[2.7986967391977124, 0.019861983346205328, 0.0], [-0.019627441685770464, 2.8337033775774216, 0.0], [6285218.806205499, 1835071.712932001, 1.0000000000000002]]"
"https://lh3.googleusercontent.com/d/1Wu7dtBNPhm5eKWskH7rb2l5Wqx52BPK4
",marina,"POLYGON ((364.5 1617, 363 1486, 1168.5 1072.5, 1172 1610, 364.5 1617))","POLYGON ((6278929 1839874.99999984, 6278933 1840277.99999986, 6281151 1840266.99999984, 6281156.999 1838723.99999984, 6278929 1839874.99999984))","[[2.7491907535429574, 0.030945213176123115, 0.0], [-0.027484182648549904, 2.8820315849659437, 0.0], [6277973.622876711, 1835593.7665876343, 0.9999999999999997]]"
"https://lh3.googleusercontent.com/d/1_0TK4F9Lsvqxy6p2gNPIy8azcNYQjbnk
",city_center,"POLYGON ((387.5 1660, 382.5 1402, 1402.5 1387.5, 1407 1647.5, 387.5 1660))","POLYGON ((6280315 1841426.99999984, 6280318 1842176.99899985, 6283399.60100012 1842164.96199983, 6283395.99999989 1841402.99999985, 6280315 1841426.99999984))","[[3.0210585836211026, 0.020966419298767497, 0.0], [-0.04264595464064769, 2.9185046868888094, 0.0], [6279218.683546348, 1837325.6971563818, 0.9999999999999998]]"
"https://lh3.googleusercontent.com/d/1_q0HhRr89RyQ66hqE6BWl2psaUerZCFM
",east_village,"POLYGON ((221.5 1479, 213.5 1019.5, 1269.5 997, 1277 1464.5, 221.5 1479))","POLYGON ((6282272 1839874.99999986, 6282274 1841025.99999984, 6284997.99899991 1841020.99999985, 6284995.00099991 1839861.99999983, 6282272 1839874.99999986))","[[2.5790215764490605, 0.03513066071169135, 0.0], [-0.03770714235270134, 2.4912112361569143, 0.0], [6281759.168648926, 1837330.7125507828, 0.9999999999999998]]"
"https://lh3.googleusercontent.com/d/1a3OPxv45xGYBFoh2R-2Nv20VxqEHPTqp
",east_village,"POLYGON ((283.5 1453, 284.5 1041.5, 1239.5 1037, 1240 1456.5, 283.5 1453))","POLYGON ((6282272 1839874.99999986, 6282274 1841025.99999984, 6284997.99899991 1841020.99999985, 6284995.00099991 1839861.99999983, 6282272 1839874.99999986))","[[2.849597207648261, -0.007968393781446245, 0.0], [0.007690326647207257, 2.7796137897605604, 0.0], [6281454.123290048, 1836985.8925240254, 0.9999999999999999]]"
"https://lh3.googleusercontent.com/d/1akCuU3ayQRULpz7UVlXrAE6pz5WMXGyC
",city_center,"POLYGON ((428.5 1620, 428.5 1386, 1354.5 1389.5, 1354 1623.5, 428.5 1620))","POLYGON ((6280315 1841426.99999984, 6280318 1842176.99899985, 6283399.60100012 1842164.96199983, 6283395.99999989 1841402.99999985, 6280315 1841426.99999984))","[[3.3283698426121897, -0.03167960649374386, 0.0], [0.017660671577687026, 3.23065215479005, 0.0], [6278863.74968599, 1836959.9048291617, 1.0000000000000009]]"
"https://lh3.googleusercontent.com/d/1c7hAfFvgnkmicS_oDPwmAP4yt2Vmc87k
",Columbia,"POLYGON ((859.5 1780.5, 852 1304.5, 1316 1302.5, 1321 1777, 859.5 1780.5))","POLYGON ((6278946 1841436.99999983, 6278953.17300012 1842563.14399985, 6279780 1842558.99999987, 6279769 1841430.99999986, 6278946 1841436.99999983))","[[1.7825834313037132, 0.0031168452226770127, 0.0], [-0.004337173294970853, 2.371484903076862, 0.0], [6277430.836363467, 1838339.3929282355, 0.9999999999999996]]"
"https://lh3.googleusercontent.com/d/1dbcUQD56dmT59w5czuQAluToLr0tbCfm
",east_village_south,"POLYGON ((334 1683, 338 1132.5, 1243.5 1137, 1238.5 1689.5, 334 1683))","POLYGON ((6282272.21743156 1837990.84746804, 6282272 1839874.99999986, 6284995.00099991 1839861.99999983, 6284987 1837946.99999986, 6282272.21743156 1837990.84746804))","[[3.004104996384697, -0.0523449666385412, 0.0], [0.03158731490657374, 3.443993568402675, 0.0], [6281218.26391054, 1834102.2329448592, 1.0000000000000004]]"
"https://lh3.googleusercontent.com/d/1fddAJm9SWK1Mspt9kXkNrrKEiKP7U1Jf
",Golden Hill,"POLYGON ((257 1613.5, 252.5 1297, 1158 1322, 1153.5 1604.5, 257 1613.5))","POLYGON ((6285851.602057546 1841024.0836843997, 6285845.135206968 1842159.1903380603, 6289136.307430387 1842152.8734215647, 6289139.730979964 1841108.5644865632, 6285851.602057546 1841024.0836843997))","[[3.6511890491889303, 0.011006965671088305, 0.0], [-0.019842010437969293, 3.6353128877838117, 0.0], [6284947.147295508, 1836298.5849886097, 1.0000000000000004]]"
"https://lh3.googleusercontent.com/d/1fnQ6YtYYFGUVnRCcFDfR97SXycM1UT3t
",gaslamp,"POLYGON ((975.5 1880, 980.5 1159, 1332.5 1155, 1323.5 1879, 975.5 1880))","POLYGON ((6281435 1838724.99999984, 6281433.0009999 1841407.99999986, 6281993.00000013 1841406.99999985, 6281990 1838723.99999983, 6281435 1838724.99999984))","[[1.5928792518865456, 0.023758875173155444, 0.0], [0.016141586954290688, 3.713709278893475, 0.0], [6279851.653508199, 1834400.266904093, 1.0000000000000002]]"
"https://lh3.googleusercontent.com/d/1gy99Th1iUBUyEY5BJoSMACYCioAAkKUs
",cortez,"POLYGON ((545.5 1562, 546 1293.5, 1284 1298, 1282.5 1568, 545.5 1562))","POLYGON ((6280594 1842941.99999986, 6280598.99400006 1843695.21999986, 6282840 1843687.99999984, 6282836.99999987 1842925.99999983, 6280594 1842941.99999986))","[[3.0398175254005015, -0.035773953392934286, 0.0], [0.0261401158722947, 2.813669661030872, 0.0], [6278900.195204762, 1839320.9175388268, 1.0]]"
"https://lh3.googleusercontent.com/d/1gyiPdHHps-Dwz7_B648tAq0-gYeyN-oS
",sherman_heights,"POLYGON ((236.5 1829.5, 232 1142.5, 697 1145, 699.5 1829, 236.5 1829.5))","POLYGON ((6285842.880290225 1838320.4808238894, 6285858.862213641 1840242.7000765651, 6287154.647679806 1840266.7971412241, 6287147.123088554 1838309.2908856422, 6285842.880290225 1838320.4808238894))","[[2.8017550224604504, 0.007709037266117419, 0.0], [0.002844964377800352, 2.829741690234414, 0.0], [6285190.330999301, 1835074.811870676, 1.0]]"
"https://lh3.googleusercontent.com/d/1hJm2kSZCJRrPnq4OgYWwCK2ZY6plyXLP
",city_center,"POLYGON ((432.5 1611, 430.5 1377, 1353.5 1368.5, 1356 1604.5, 432.5 1611))","POLYGON ((6280315 1841426.99999984, 6280318 1842176.99899985, 6283399.60100012 1842164.96199983, 6283395.99999989 1841402.99999985, 6280315 1841426.99999984))","[[3.337304071204263, 0.006617013238718447, 0.0], [-0.0179175901630515, 3.216925071427113, 0.0], [6278903.222240153, 1836993.0578422002, 1.0000000000000004]]"
"https://lh3.googleusercontent.com/d/1igp1SQlrWiSTl45pGliqa615CxzFFOHc
",east_village,"POLYGON ((287.5 1449, 291.5 1038.5, 1240.5 1041, 1237 1459.5, 287.5 1449))","POLYGON ((6282272 1839874.99999986, 6282274 1841025.99999984, 6284997.99899991 1841020.99999985, 6284995.00099991 1839861.99999983, 6282272 1839874.99999986))","[[2.868888124853823, -0.028561049148044013, 0.0], [0.03197585507768963, 2.786065272130827, 0.0], [6281402.686970276, 1836993.6008171798, 1.0000000000000002]]"
"https://lh3.googleusercontent.com/d/1jyArTiQDY9BBa0FAhhypZce1T-fNWQjX
",Golden Hill,"POLYGON ((194 1650.5, 185 1304, 1186 1333, 1186.5 1642.5, 194 1650.5))","POLYGON ((6285851.602057546 1841024.0836843997, 6285845.135206968 1842159.1903380603, 6289136.307430387 1842152.8734215647, 6289139.730979964 1841108.5644865632, 6285851.602057546 1841024.0836843997))","[[3.3010076291830677, 0.0041770436717728345, 0.0], [-0.06534171299335867, 3.3194692827607923, 0.0], [6285319.382385302, 1836687.191487038, 0.9999999999999998]]"
"https://lh3.googleusercontent.com/d/1kRS_y7GsYRNXrbJdMJE0NpOcxR9wpnUC
",east_village,"POLYGON ((285.5 1440, 286.5 1028.5, 1241.5 1026, 1241 1446.5, 285.5 1440))","POLYGON ((6282272 1839874.99999986, 6282274 1841025.99999984, 6284997.99899991 1841020.99999985, 6284995.00099991 1839861.99999983, 6282272 1839874.99999986))","[[2.8510627036317224, -0.015236516123296528, 0.0], [0.011140487273223698, 2.7761941221615416, 0.0], [6281443.845955992, 1837028.3411950702, 0.9999999999999997]]"
"https://lh3.googleusercontent.com/d/1kjpagntLPayTSxLdgrw4aPhBLilhrdKp
",Columbia,"POLYGON ((851.5 1736.5, 852 1304.5, 1273 1306.5, 1272 1736, 851.5 1736.5))","POLYGON ((6278946 1841436.99999983, 6278953.17300012 1842563.14399985, 6279780 1842558.99999987, 6279769 1841430.99999986, 6278946 1841436.99999983))","[[1.9605316035828757, -0.01672459015495375, 0.0], [0.02449178704591759, 2.6164765852538494, 0.0], [6277242.464673946, 1838035.9657785718, 1.0000000000000002]]"
"https://lh3.googleusercontent.com/d/1lRP3cA22bQfaXDwmrohyLn-IceymveVQ
",sherman_heights,"POLYGON ((308.5 1852.5, 305 1201.5, 748 1204, 745 1853, 308.5 1852.5))","POLYGON ((6285842.880290225 1838320.4808238894, 6285858.862213641 1840242.7000765651, 6287154.647679806 1840266.7971412241, 6287147.123088554 1838309.2908856422, 6285842.880290225 1838320.4808238894))","[[2.9561088394950317, 0.004148945026954002, 0.0], [0.01693233994592447, 2.9843543275721913, 0.0], [6284918.249118117, 1834723.2849697103, 1.0000000000000002]]"
"https://lh3.googleusercontent.com/d/1lwDj3KgElYbZw1_aREvtYWiLED4Wug7a
",sherman_heights,"POLYGON ((234.5 1834.5, 235 1148.5, 701 1153, 697.5 1837, 234.5 1834.5))","POLYGON ((6285842.880290225 1838320.4808238894, 6285858.862213641 1840242.7000765651, 6287154.647679806 1840266.7971412241, 6287147.123088554 1838309.2908856422, 6285842.880290225 1838320.4808238894))","[[2.7985478991167168, -0.007586925171976996, 0.0], [0.025328993946459377, 2.8318511592719915, 0.0], [6285156.13392897, 1835059.698582306, 0.9999999999999994]]"
"https://lh3.googleusercontent.com/d/1lxzd7V8TxtYAcOhmUdm2u5poPPKD-Xp7
",Barrio Logan,"POLYGON ((451 1481.5, 1023 1004, 1220 1254, 514.5 1839.5, 451 1481.5))","POLYGON ((6284815.309510723 1836171.631447062, 6284995.965973556 1837498.1724291444, 6287564.770219132 1835343.8962258995, 6286846.508204222 1834458.5886133164, 6284815.309510723 1836171.631447062))","[[3.5649430190762095, -0.0031699020724463615, 0.0], [-0.04858240485191345, 3.6389729962777437, 0.0], [6283263.8688669, 1830795.1572499978, 0.9999999999999999]]"
"https://lh3.googleusercontent.com/d/1mosQ6SCfNawt9cVcds0tcy2ZgAJkFYwo
",Barrio Logan,"POLYGON ((450 1488.5, 1031 1023, 1227 1271, 503.5 1849.5, 450 1488.5))","POLYGON ((6284815.309510723 1836171.631447062, 6284995.965973556 1837498.1724291444, 6287564.770219132 1835343.8962258995, 6286846.508204222 1834458.5886133164, 6284815.309510723 1836171.631447062))","[[3.5474030548242075, -0.04506421428364723, 0.0], [0.022801593898293504, 3.6503502573159494, 0.0], [6283175.412605057, 1830764.559947597, 1.0000000000000004]]"
"https://lh3.googleusercontent.com/d/1s3UBjwhrla7pNBpQPy0j2COIX7uPsj6y
",east_village,"POLYGON ((351.5 1494, 353.5 1100.5, 1259.5 1100, 1258 1499.5, 351.5 1494))","POLYGON ((6282272 1839874.99999986, 6282274 1841025.99999984, 6284997.99899991 1841020.99999985, 6284995.00099991 1839861.99999983, 6282272 1839874.99999986))","[[3.005187319636793, -0.017967914660864025, 0.0], [0.019560467728297226, 2.912819033221467, 0.0], [6281188.29669823, 1836678.1798864559, 0.9999999999999999]]"
"https://lh3.googleusercontent.com/d/1t6b4knWNmHDVv2La2E9t3J1ErprxKkoU
",gaslamp,"POLYGON ((975.5 1891, 983.5 1169, 1332.5 1172, 1323.5 1892, 975.5 1891))","POLYGON ((6281435 1838724.99999984, 6281433.0009999 1841407.99999986, 6281993.00000013 1841406.99999985, 6281990 1838723.99999983, 6281435 1838724.99999984))","[[1.5995854674818766, -0.02423902868277964, 0.0], [0.019545612747606356, 3.7209276551629955, 0.0], [6279837.304183784, 1834397.2255391346, 0.9999999999999998]]"
"https://lh3.googleusercontent.com/d/1tHXlZ8G33v0vq7ksAgQGhw1caRwwbEv3
",cortez,"POLYGON ((545.5 1564, 547.5 1293, 1287 1299.5, 1285 1570, 545.5 1564))","POLYGON ((6280594 1842941.99999986, 6280598.99400006 1843695.21999986, 6282840 1843687.99999984, 6282836.99999987 1842925.99999983, 6280594 1842941.99999986))","[[3.031468231890819, -0.039346553797658515, 0.0], [0.037159181949391495, 2.7978822078346184, 0.0], [6278886.717718656, 1839343.3381639738, 1.0000000000000002]]"
"https://lh3.googleusercontent.com/d/1u6nOFRJ6F8Wl5FDfnDIIgXIPc9ZU0j38
",cortez,"POLYGON ((600 1596.5, 602.5 1340, 1302 1341.5, 1299.5 1597.5, 600 1596.5))","POLYGON ((6280594 1842941.99999986, 6280598.99400006 1843695.21999986, 6282840 1843687.99999984, 6282836.99999987 1842925.99999983, 6280594 1842941.99999986))","[[3.2050670692037175, -0.02188046490513632, 0.0], [0.046870747320099326, 2.956293833972495, 0.0], [6278600.6324482, 1838991.187216597, 0.9999999999999999]]"
"https://lh3.googleusercontent.com/d/1v8QJfsj2mxElXgjl4EnO1h7-jShIGnmm
",marina,"POLYGON ((426.5 1653, 427 1531.5, 1198.5 1146, 1192 1659, 426.5 1653))","POLYGON ((6278929 1839874.99999984, 6278933 1840277.99999986, 6281151 1840266.99999984, 6281156.999 1838723.99999984, 6278929 1839874.99999984))","[[2.899092150244787, -0.009299446373221297, 0.0], [0.02609365596435964, 3.0241330624251077, 0.0], [6277652.264028051, 1835265.2806065055, 1.0000000000000002]]"
"https://lh3.googleusercontent.com/d/1vC_uJUS1AqzCHyS3vWKpd9uGjwsJpBYm
",marina,"POLYGON ((359.5 1613.5, 359 1487, 1170 1076, 1173 1615.5, 359.5 1613.5))","POLYGON ((6278929 1839874.99999984, 6278933 1840277.99999986, 6281151 1840266.99999984, 6281156.999 1838723.99999984, 6278929 1839874.99999984))","[[2.730835998718705, 0.009032056564980313, 0.0], [-0.02384964949123969, 2.8769739472504625, 0.0], [6277986.920439941, 1835613.2288139318, 1.0000000000000002]]"
"https://lh3.googleusercontent.com/d/1x4BuffOf2CVnKgdu3Y4_Q98bXHvBmYYZ
",cortez,"POLYGON ((511.5 1593, 507.5 1294.5, 1320.5 1283.5, 1326.5 1580.5, 511.5 1593))","POLYGON ((6280594 1842941.99999986, 6280598.99400006 1843695.21999986, 6282840 1843687.99999984, 6282836.99999987 1842925.99999983, 6280594 1842941.99999986))","[[2.7538243720021622, 0.022469345876281424, 0.0], [-0.03278857159966719, 2.544020667840414, 0.0], [6279240.76433043, 1839634.228126581, 1.0000000000000002]]"
"https://lh3.googleusercontent.com/d/1yGft0p4OGsoFZLwl0EKs7jE3S9-gBUsY
",Golden Hill,"POLYGON ((251 1613.5, 248.5 1296, 1158 1324, 1154.5 1607.5, 251 1613.5))","POLYGON ((6285851.602057546 1841024.0836843997, 6285845.135206968 1842159.1903380603, 6289136.307430387 1842152.8734215647, 6289139.730979964 1841108.5644865632, 6285851.602057546 1841024.0836843997))","[[3.6290674431844616, -0.0009135625759403099, 0.0], [-0.012708656911854632, 3.6232718253384064, 0.0], [6284960.5173224155, 1836320.9375341863, 1.0000000000000004]]"
"https://lh3.googleusercontent.com/d/1yfWIaYejo-dyIsk80a75F6Gu-1DDI7_-
",Barrio Logan,"POLYGON ((445 1482.5, 1025 1017, 1226 1269, 502.5 1846.5, 445 1482.5))","POLYGON ((6284815.309510723 1836171.631447062, 6284995.965973556 1837498.1724291444, 6287564.770219132 1835343.8962258995, 6286846.508204222 1834458.5886133164, 6284815.309510723 1836171.631447062))","[[3.518054569811579, -0.07189549582719693, 0.0], [-0.016871329461537243, 3.620692325189111, 0.0], [6283266.197220257, 1830843.0147632218, 1.0]]"
"https://lh3.googleusercontent.com/d/1z4qMDJwsyVv2im_1JLIn0AH20jlBbeLP
",Columbia,"POLYGON ((856.5 1723.5, 853 1294.5, 1272 1290.5, 1278 1720, 856.5 1723.5))","POLYGON ((6278946 1841436.99999983, 6278953.17300012 1842563.14399985, 6279780 1842558.99999987, 6279769 1841430.99999986, 6278946 1841436.99999983))","[[1.9629026096822162, 0.011361294170465334, 0.0], [-0.0005535605923796538, 2.625551987057179, 0.0], [6277272.631618556, 1838028.402603229, 1.0]]"
