file_id,neighborhood,date,count,type,x,y
Lb+y/BaXlGeofHZOffEDz70DORwkZWewkxkFLw==,east_village_south,2025-09-25,1,3,6285355.038552654,1837647.1438659136
Lb+y/BaXlGeofHZOffEDz70DORwkZWewkxkFLw==,east_village_south,2025-09-25,1,1,6285339.723655073,1837807.6124149733
Lb+y/BaXlGeofHZOffEDz70DORwkZWewkxkFLw==,east_village_south,2025-09-25,2,2,6285330.858339015,1838490.1274610092
Lb+y/BaXlGeofHZOffEDz70DORwkZWewkxkFLw==,east_village_south,2025-09-25,9,1,6285340.112593248,1838634.7560789918
Lb+y/BaXlGeofHZOffEDz70DORwkZWewkxkFLw==,east_village_south,2025-09-25,6,2,6285319.6480639195,1838842.4242732858
Lb+y/BaXlGeofHZOffEDz70DORwkZWewkxkFLw==,east_village_south,2025-09-25,3,1,6285364.239725267,1838942.8573164747
Lb+y/BaXlGeofHZOffEDz70DORwkZWewkxkFLw==,east_village_south,2025-09-25,4,2,6285353.9851276595,1839043.546478062
Lb+y/BaXlGeofHZOffEDz70DORwkZWewkxkFLw==,east_village_south,2025-09-25,1,1,6285350.957125519,1839389.5150014595
Lb+y/BaXlGeofHZOffEDz70DORwkZWewkxkFLw==,east_village_south,2025-09-25,3,1,6285344.874149227,1839691.467232942
Lb+y/BaXlGeofHZOffEDz70DORwkZWewkxkFLw==,east_village_south,2025-09-25,1,3,6285130.10189211,1837638.759144668
Lb+y/BaXlGeofHZOffEDz70DORwkZWewkxkFLw==,east_village_south,2025-09-25,1,1,6285123.5499240095,1837874.6677293987
Lb+y/BaXlGeofHZOffEDz70DORwkZWewkxkFLw==,east_village_south,2025-09-25,1,2,6285127.475882948,1838041.3365081383
Lb+y/BaXlGeofHZOffEDz70DORwkZWewkxkFLw==,east_village_south,2025-09-25,3,1,6285064.33568632,1838032.1962376176
Lb+y/BaXlGeofHZOffEDz70DORwkZWewkxkFLw==,east_village_south,2025-09-25,16,2,6285189.392406768,1838264.3452026327
Lb+y/BaXlGeofHZOffEDz70DORwkZWewkxkFLw==,east_village_south,2025-09-25,27,1,6285199.428314013,1838519.0465652018
Lb+y/BaXlGeofHZOffEDz70DORwkZWewkxkFLw==,east_village_south,2025-09-25,1,1,6285050.33843239,1838378.2159846947
Lb+y/BaXlGeofHZOffEDz70DORwkZWewkxkFLw==,east_village_south,2025-09-25,1,3,6285087.909133828,1838648.5139658626
Lb+y/BaXlGeofHZOffEDz70DORwkZWewkxkFLw==,east_village_south,2025-09-25,1,2,6285157.494272911,1838792.860853607
Lb+y/BaXlGeofHZOffEDz70DORwkZWewkxkFLw==,east_village_south,2025-09-25,7,1,6285088.936449218,1838793.181001605
Lb+y/BaXlGeofHZOffEDz70DORwkZWewkxkFLw==,east_village_south,2025-09-25,2,1,6285059.798322181,1838937.9889024661
Lb+y/BaXlGeofHZOffEDz70DORwkZWewkxkFLw==,east_village_south,2025-09-25,16,1,6285205.364237844,1838968.7595443067
Lb+y/BaXlGeofHZOffEDz70DORwkZWewkxkFLw==,east_village_south,2025-09-25,2,1,6285105.350300088,1839173.6541747185
Lb+y/BaXlGeofHZOffEDz70DORwkZWewkxkFLw==,east_village_south,2025-09-25,1,1,6285205.525207516,1839377.6139729766
Lb+y/BaXlGeofHZOffEDz70DORwkZWewkxkFLw==,east_village_south,2025-09-25,3,1,6285061.343934334,1839541.829335832
Lb+y/BaXlGeofHZOffEDz70DORwkZWewkxkFLw==,east_village_south,2025-09-25,1,3,6285204.2345358785,1839582.0475902713
Lb+y/BaXlGeofHZOffEDz70DORwkZWewkxkFLw==,east_village_south,2025-09-25,2,1,6285218.683087744,1839685.766434139
Lb+y/BaXlGeofHZOffEDz70DORwkZWewkxkFLw==,east_village_south,2025-09-25,1,2,6285056.819624998,1839677.0871767353
Lb+y/BaXlGeofHZOffEDz70DORwkZWewkxkFLw==,east_village_south,2025-09-25,2,1,6285098.780638114,1839793.2577036424
Lb+y/BaXlGeofHZOffEDz70DORwkZWewkxkFLw==,east_village_south,2025-09-25,2,1,6284933.549540008,1839696.5330564894
Lb+y/BaXlGeofHZOffEDz70DORwkZWewkxkFLw==,east_village_south,2025-09-25,1,1,6284865.684037556,1839794.3462068352
Lb+y/BaXlGeofHZOffEDz70DORwkZWewkxkFLw==,east_village_south,2025-09-25,1,2,6284777.572696136,1839744.4370273189
Lb+y/BaXlGeofHZOffEDz70DORwkZWewkxkFLw==,east_village_south,2025-09-25,1,1,6284776.63471252,1839612.349733815
Lb+y/BaXlGeofHZOffEDz70DORwkZWewkxkFLw==,east_village_south,2025-09-25,1,1,6284883.115925674,1839545.8066561862
Lb+y/BaXlGeofHZOffEDz70DORwkZWewkxkFLw==,east_village_south,2025-09-25,1,3,6284869.604495018,1837643.1206426197
Lb+y/BaXlGeofHZOffEDz70DORwkZWewkxkFLw==,east_village_south,2025-09-25,6,1,6284780.537476109,1837844.8191137922
Lb+y/BaXlGeofHZOffEDz70DORwkZWewkxkFLw==,east_village_south,2025-09-25,3,1,6284626.990283979,1837848.6811808671
Lb+y/BaXlGeofHZOffEDz70DORwkZWewkxkFLw==,east_village_south,2025-09-25,4,1,6284413.134539941,1837855.96991374
Lb+y/BaXlGeofHZOffEDz70DORwkZWewkxkFLw==,east_village_south,2025-09-25,2,2,6284319.940565605,1837862.6951861363
Lb+y/BaXlGeofHZOffEDz70DORwkZWewkxkFLw==,east_village_south,2025-09-25,1,2,6284329.391177257,1837648.7883444028
Lb+y/BaXlGeofHZOffEDz70DORwkZWewkxkFLw==,east_village_south,2025-09-25,10,1,6284430.812090436,1837642.0246542466
Lb+y/BaXlGeofHZOffEDz70DORwkZWewkxkFLw==,east_village_south,2025-09-25,1,1,6284395.233660015,1838038.465817637
Lb+y/BaXlGeofHZOffEDz70DORwkZWewkxkFLw==,east_village_south,2025-09-25,2,1,6284302.977669294,1838177.2783835372
Lb+y/BaXlGeofHZOffEDz70DORwkZWewkxkFLw==,east_village_south,2025-09-25,6,1,6284909.743484928,1838275.0862131433
Lb+y/BaXlGeofHZOffEDz70DORwkZWewkxkFLw==,east_village_south,2025-09-25,2,2,6284894.808247382,1838489.0186667165
Lb+y/BaXlGeofHZOffEDz70DORwkZWewkxkFLw==,east_village_south,2025-09-25,2,1,6284380.213729765,1838626.6584087242
Lb+y/BaXlGeofHZOffEDz70DORwkZWewkxkFLw==,east_village_south,2025-09-25,5,1,6284408.9098370075,1838805.791676423
Lb+y/BaXlGeofHZOffEDz70DORwkZWewkxkFLw==,east_village_south,2025-09-25,3,1,6284768.733489686,1838885.882425464
Lb+y/BaXlGeofHZOffEDz70DORwkZWewkxkFLw==,east_village_south,2025-09-25,1,2,6284922.459345361,1838907.179842866
Lb+y/BaXlGeofHZOffEDz70DORwkZWewkxkFLw==,east_village_south,2025-09-25,3,1,6284923.040001886,1838988.948167416
Lb+y/BaXlGeofHZOffEDz70DORwkZWewkxkFLw==,east_village_south,2025-09-25,1,1,6284643.391080046,1838999.6891779264
Lb+y/BaXlGeofHZOffEDz70DORwkZWewkxkFLw==,east_village_south,2025-09-25,2,1,6284801.0652276045,1839190.8003096275
Lb+y/BaXlGeofHZOffEDz70DORwkZWewkxkFLw==,east_village_south,2025-09-25,1,1,6284933.433236223,1839293.9684989387
Lb+y/BaXlGeofHZOffEDz70DORwkZWewkxkFLw==,east_village_south,2025-09-25,1,1,6284813.575452479,1839407.7496395612
Lb+y/BaXlGeofHZOffEDz70DORwkZWewkxkFLw==,east_village_south,2025-09-25,1,2,6284311.330190063,1839353.484282833
Lb+y/BaXlGeofHZOffEDz70DORwkZWewkxkFLw==,east_village_south,2025-09-25,2,1,6284315.7875005705,1839208.791635251
Lb+y/BaXlGeofHZOffEDz70DORwkZWewkxkFLw==,east_village_south,2025-09-25,2,2,6284600.881021489,1839578.575021534
Lb+y/BaXlGeofHZOffEDz70DORwkZWewkxkFLw==,east_village_south,2025-09-25,2,1,6284629.487796959,1839745.1285469944
Lb+y/BaXlGeofHZOffEDz70DORwkZWewkxkFLw==,east_village_south,2025-09-25,1,1,6284304.822887849,1839595.682738683
Lb+y/BaXlGeofHZOffEDz70DORwkZWewkxkFLw==,east_village_south,2025-09-25,1,1,6284165.607943798,1839300.6990920752
Lb+y/BaXlGeofHZOffEDz70DORwkZWewkxkFLw==,east_village_south,2025-09-25,2,1,6283743.135419244,1839280.656654825
Lb+y/BaXlGeofHZOffEDz70DORwkZWewkxkFLw==,east_village_south,2025-09-25,2,1,6283888.116039312,1838842.8190923631
Lb+y/BaXlGeofHZOffEDz70DORwkZWewkxkFLw==,east_village_south,2025-09-25,3,1,6283729.977539016,1838972.5041936624
Lb+y/BaXlGeofHZOffEDz70DORwkZWewkxkFLw==,east_village_south,2025-09-25,2,1,6284138.153203238,1838524.0024562096
Lb+y/BaXlGeofHZOffEDz70DORwkZWewkxkFLw==,east_village_south,2025-09-25,1,2,6283730.7322200155,1838692.5921229369
Lb+y/BaXlGeofHZOffEDz70DORwkZWewkxkFLw==,east_village_south,2025-09-25,1,1,6284059.376169683,1837857.6218774093
Lb+y/BaXlGeofHZOffEDz70DORwkZWewkxkFLw==,east_village_south,2025-09-25,2,1,6283825.721245544,1837780.0869916119
Lb+y/BaXlGeofHZOffEDz70DORwkZWewkxkFLw==,east_village_south,2025-09-25,1,1,6283247.629204209,1837858.267494145
Lb+y/BaXlGeofHZOffEDz70DORwkZWewkxkFLw==,east_village_south,2025-09-25,1,2,6283578.783721658,1838149.209790799
Lb+y/BaXlGeofHZOffEDz70DORwkZWewkxkFLw==,east_village_south,2025-09-25,1,1,6282535.096829604,1837927.6406800754
Lb+y/BaXlGeofHZOffEDz70DORwkZWewkxkFLw==,east_village_south,2025-09-25,1,1,6283144.43093371,1838387.116099037
Lb+y/BaXlGeofHZOffEDz70DORwkZWewkxkFLw==,east_village_south,2025-09-25,1,1,6283542.423638225,1838435.578209603
Lb+y/BaXlGeofHZOffEDz70DORwkZWewkxkFLw==,east_village_south,2025-09-25,1,1,6282351.639135565,1838739.9176629302
Lb+y/BaXlGeofHZOffEDz70DORwkZWewkxkFLw==,east_village_south,2025-09-25,32,1,6283578.368673877,1838863.1357746716
Lb+y/BaXlGeofHZOffEDz70DORwkZWewkxkFLw==,east_village_south,2025-09-25,1,1,6283172.979988489,1839317.9145773235
Lb+y/BaXlGeofHZOffEDz70DORwkZWewkxkFLw==,east_village_south,2025-09-25,1,1,6283035.0603551455,1839205.3371931734
Lb+y/BaXlGeofHZOffEDz70DORwkZWewkxkFLw==,east_village_south,2025-09-25,1,1,6283183.306223997,1839613.5001021675
Lb+y/BaXlGeofHZOffEDz70DORwkZWewkxkFLw==,east_village_south,2025-09-25,1,1,6282618.367423818,1839612.9931861109
Lb+y/BaXlGeofHZOffEDz70DORwkZWewkxkFLw==,east_village_south,2025-09-25,1,1,6282339.294519433,1839318.6626414186
Lb+y/BaXlGeofHZOffEDz70DORwkZWewkxkFLw==,east_village_south,2025-09-25,1,1,6282199.592889701,1839341.330292252
Lb+y/BaXlGeofHZOffEDz70DORwkZWewkxkFLw==,east_village_south,2025-09-25,1,1,6282124.3667941205,1839174.99446743
Lb+y/BaXlGeofHZOffEDz70DORwkZWewkxkFLw==,east_village_south,2025-09-25,1,1,6282049.082977851,1839772.9035954343
Ihb2daS4/mM4WM37GBXAMx6SpMfYd0RZUpJJ3w==,east_village_south,2025-12-17,1,1,6282050.324854112,1839379.2348249487
Ihb2daS4/mM4WM37GBXAMx6SpMfYd0RZUpJJ3w==,east_village_south,2025-12-17,2,1,6282629.486866127,1839656.0678690325
Ihb2daS4/mM4WM37GBXAMx6SpMfYd0RZUpJJ3w==,east_village_south,2025-12-17,1,1,6282483.764255214,1839368.4182468385
Ihb2daS4/mM4WM37GBXAMx6SpMfYd0RZUpJJ3w==,east_village_south,2025-12-17,1,1,6282173.188404779,1838217.0566395773
Ihb2daS4/mM4WM37GBXAMx6SpMfYd0RZUpJJ3w==,east_village_south,2025-12-17,1,1,6282194.9401634345,1838104.9731333328
Ihb2daS4/mM4WM37GBXAMx6SpMfYd0RZUpJJ3w==,east_village_south,2025-12-17,1,1,6282342.253313176,1838114.1622444708
Ihb2daS4/mM4WM37GBXAMx6SpMfYd0RZUpJJ3w==,east_village_south,2025-12-17,1,1,6282313.673988779,1837928.604964282
Ihb2daS4/mM4WM37GBXAMx6SpMfYd0RZUpJJ3w==,east_village_south,2025-12-17,1,3,6285349.6134804925,1837638.4405269446
Ihb2daS4/mM4WM37GBXAMx6SpMfYd0RZUpJJ3w==,east_village_south,2025-12-17,3,1,6285336.197882854,1837750.5006724193
Ihb2daS4/mM4WM37GBXAMx6SpMfYd0RZUpJJ3w==,east_village_south,2025-12-17,2,2,6285336.634915134,1837852.9200652037
Ihb2daS4/mM4WM37GBXAMx6SpMfYd0RZUpJJ3w==,east_village_south,2025-12-17,1,1,6285206.048716462,1837856.486656624
Ihb2daS4/mM4WM37GBXAMx6SpMfYd0RZUpJJ3w==,east_village_south,2025-12-17,1,2,6285197.234551389,1837744.4888065357
Ihb2daS4/mM4WM37GBXAMx6SpMfYd0RZUpJJ3w==,east_village_south,2025-12-17,3,3,6285188.515987127,1837654.8951986195
Ihb2daS4/mM4WM37GBXAMx6SpMfYd0RZUpJJ3w==,east_village_south,2025-12-17,1,1,6284613.252590668,1837640.5040616223
Ihb2daS4/mM4WM37GBXAMx6SpMfYd0RZUpJJ3w==,east_village_south,2025-12-17,29,1,6285362.380890157,1838025.6827082178
Ihb2daS4/mM4WM37GBXAMx6SpMfYd0RZUpJJ3w==,east_village_south,2025-12-17,25,2,6285362.968152284,1838163.308767272
Ihb2daS4/mM4WM37GBXAMx6SpMfYd0RZUpJJ3w==,east_village_south,2025-12-17,3,2,6285198.900736956,1838134.9627415268
Ihb2daS4/mM4WM37GBXAMx6SpMfYd0RZUpJJ3w==,east_village_south,2025-12-17,1,3,6285057.541088397,1838218.575631253
Ihb2daS4/mM4WM37GBXAMx6SpMfYd0RZUpJJ3w==,east_village_south,2025-12-17,6,1,6285208.110962532,1838339.7781663258
Ihb2daS4/mM4WM37GBXAMx6SpMfYd0RZUpJJ3w==,east_village_south,2025-12-17,3,2,6285055.4315737365,1838375.4131133775
Ihb2daS4/mM4WM37GBXAMx6SpMfYd0RZUpJJ3w==,east_village_south,2025-12-17,3,1,6285047.641703069,1838503.460715128
Ihb2daS4/mM4WM37GBXAMx6SpMfYd0RZUpJJ3w==,east_village_south,2025-12-17,1,2,6285164.894247655,1838631.1579053297
Ihb2daS4/mM4WM37GBXAMx6SpMfYd0RZUpJJ3w==,east_village_south,2025-12-17,2,1,6285081.546294745,1838634.5921190535
Ihb2daS4/mM4WM37GBXAMx6SpMfYd0RZUpJJ3w==,east_village_south,2025-12-17,14,1,6285132.246123784,1838794.4822556598
Ihb2daS4/mM4WM37GBXAMx6SpMfYd0RZUpJJ3w==,east_village_south,2025-12-17,7,2,6285210.405382002,1838877.4799784443
Ihb2daS4/mM4WM37GBXAMx6SpMfYd0RZUpJJ3w==,east_village_south,2025-12-17,1,3,6285057.2753036665,1838807.494926687
Ihb2daS4/mM4WM37GBXAMx6SpMfYd0RZUpJJ3w==,east_village_south,2025-12-17,2,2,6285063.32440566,1838922.7011697232
Ihb2daS4/mM4WM37GBXAMx6SpMfYd0RZUpJJ3w==,east_village_south,2025-12-17,2,2,6284915.751768002,1838852.7005441193
Ihb2daS4/mM4WM37GBXAMx6SpMfYd0RZUpJJ3w==,east_village_south,2025-12-17,2,1,6285377.278832186,1838912.2194293153
Ihb2daS4/mM4WM37GBXAMx6SpMfYd0RZUpJJ3w==,east_village_south,2025-12-17,10,2,6285338.800122461,1839011.5472330016
Ihb2daS4/mM4WM37GBXAMx6SpMfYd0RZUpJJ3w==,east_village_south,2025-12-17,9,1,6285058.135710968,1839009.1331062317
Ihb2daS4/mM4WM37GBXAMx6SpMfYd0RZUpJJ3w==,east_village_south,2025-12-17,7,1,6284777.29375511,1838965.1111011428
Ihb2daS4/mM4WM37GBXAMx6SpMfYd0RZUpJJ3w==,east_village_south,2025-12-17,1,1,6284638.5079680085,1839000.7071135782
Ihb2daS4/mM4WM37GBXAMx6SpMfYd0RZUpJJ3w==,east_village_south,2025-12-17,1,1,6284511.840338965,1838620.18540821
Ihb2daS4/mM4WM37GBXAMx6SpMfYd0RZUpJJ3w==,east_village_south,2025-12-17,1,1,6284393.133828138,1838802.9547893098
Ihb2daS4/mM4WM37GBXAMx6SpMfYd0RZUpJJ3w==,east_village_south,2025-12-17,1,3,6284306.925211336,1838787.1931538098
Ihb2daS4/mM4WM37GBXAMx6SpMfYd0RZUpJJ3w==,east_village_south,2025-12-17,4,1,6284368.766172616,1837650.7911289474
Ihb2daS4/mM4WM37GBXAMx6SpMfYd0RZUpJJ3w==,east_village_south,2025-12-17,8,1,6284291.617551546,1837804.6382519768
Ihb2daS4/mM4WM37GBXAMx6SpMfYd0RZUpJJ3w==,east_village_south,2025-12-17,1,2,6284043.724179251,1837667.7052290973
Ihb2daS4/mM4WM37GBXAMx6SpMfYd0RZUpJJ3w==,east_village_south,2025-12-17,4,2,6284102.84211286,1837846.7756410807
Ihb2daS4/mM4WM37GBXAMx6SpMfYd0RZUpJJ3w==,east_village_south,2025-12-17,1,3,6284142.809463787,1838096.3138940665
Ihb2daS4/mM4WM37GBXAMx6SpMfYd0RZUpJJ3w==,east_village_south,2025-12-17,1,2,6284140.385832176,1838179.5374376273
Ihb2daS4/mM4WM37GBXAMx6SpMfYd0RZUpJJ3w==,east_village_south,2025-12-17,9,1,6284152.047003881,1838307.5305309147
Ihb2daS4/mM4WM37GBXAMx6SpMfYd0RZUpJJ3w==,east_village_south,2025-12-17,9,1,6284304.084501517,1838121.4671007106
Ihb2daS4/mM4WM37GBXAMx6SpMfYd0RZUpJJ3w==,east_village_south,2025-12-17,25,1,6283743.206368068,1838222.2588459796
Ihb2daS4/mM4WM37GBXAMx6SpMfYd0RZUpJJ3w==,east_village_south,2025-12-17,2,2,6283928.350039559,1838631.422480179
Ihb2daS4/mM4WM37GBXAMx6SpMfYd0RZUpJJ3w==,east_village_south,2025-12-17,1,3,6284064.548307944,1838640.6427390103
Ihb2daS4/mM4WM37GBXAMx6SpMfYd0RZUpJJ3w==,east_village_south,2025-12-17,1,1,6283858.923002861,1838641.2189713353
Ihb2daS4/mM4WM37GBXAMx6SpMfYd0RZUpJJ3w==,east_village_south,2025-12-17,2,1,6283555.182078614,1838440.4295664318
Ihb2daS4/mM4WM37GBXAMx6SpMfYd0RZUpJJ3w==,east_village_south,2025-12-17,1,1,6283738.0933201155,1838977.6252285352
Ihb2daS4/mM4WM37GBXAMx6SpMfYd0RZUpJJ3w==,east_village_south,2025-12-17,1,1,6283888.226161972,1838996.4083708234
Ihb2daS4/mM4WM37GBXAMx6SpMfYd0RZUpJJ3w==,east_village_south,2025-12-17,1,3,6283886.662937662,1839281.2700939286
Ihb2daS4/mM4WM37GBXAMx6SpMfYd0RZUpJJ3w==,east_village_south,2025-12-17,1,1,6283884.307592344,1839380.4966676119
Ihb2daS4/mM4WM37GBXAMx6SpMfYd0RZUpJJ3w==,east_village_south,2025-12-17,1,1,6284014.907448275,1839380.130682216
Ihb2daS4/mM4WM37GBXAMx6SpMfYd0RZUpJJ3w==,east_village_south,2025-12-17,3,1,6284151.10571666,1839389.3509410473
Ihb2daS4/mM4WM37GBXAMx6SpMfYd0RZUpJJ3w==,east_village_south,2025-12-17,1,2,6285345.450143839,1839267.5801411162
Ihb2daS4/mM4WM37GBXAMx6SpMfYd0RZUpJJ3w==,east_village_south,2025-12-17,1,2,6285051.192590343,1839335.618281502
Ihb2daS4/mM4WM37GBXAMx6SpMfYd0RZUpJJ3w==,east_village_south,2025-12-17,2,2,6284781.028483562,1839189.1457359355
Ihb2daS4/mM4WM37GBXAMx6SpMfYd0RZUpJJ3w==,east_village_south,2025-12-17,6,1,6284778.8779971255,1839336.3813999866
Ihb2daS4/mM4WM37GBXAMx6SpMfYd0RZUpJJ3w==,east_village_south,2025-12-17,2,1,6285142.193841333,1839172.1304057825
Ihb2daS4/mM4WM37GBXAMx6SpMfYd0RZUpJJ3w==,east_village_south,2025-12-17,2,2,6285071.859128744,1839620.4177092207
Ihb2daS4/mM4WM37GBXAMx6SpMfYd0RZUpJJ3w==,east_village_south,2025-12-17,1,2,6284916.305418798,1839633.6562010243
Ihb2daS4/mM4WM37GBXAMx6SpMfYd0RZUpJJ3w==,east_village_south,2025-12-17,1,2,6284635.518091975,1839602.4366200336
Ihb2daS4/mM4WM37GBXAMx6SpMfYd0RZUpJJ3w==,east_village_south,2025-12-17,2,2,6284783.568733688,1839784.4584564955
Ihb2daS4/mM4WM37GBXAMx6SpMfYd0RZUpJJ3w==,east_village_south,2025-12-17,2,1,6284900.247673407,1839777.7301936673
Ihb2daS4/mM4WM37GBXAMx6SpMfYd0RZUpJJ3w==,east_village_south,2025-12-17,4,1,6285058.498160141,1839745.2802787935
Ihb2daS4/mM4WM37GBXAMx6SpMfYd0RZUpJJ3w==,east_village_south,2025-12-17,1,2,6285202.950645991,1839735.2735407078
Ihb2daS4/mM4WM37GBXAMx6SpMfYd0RZUpJJ3w==,east_village_south,2025-12-17,1,1,6283609.309879598,1839403.6718151914
Ihb2daS4/mM4WM37GBXAMx6SpMfYd0RZUpJJ3w==,east_village_south,2025-12-17,1,1,6283508.265310248,1839167.1072986163
Ihb2daS4/mM4WM37GBXAMx6SpMfYd0RZUpJJ3w==,east_village_south,2025-12-17,1,1,6283320.268335311,1839391.6792311177
Ihb2daS4/mM4WM37GBXAMx6SpMfYd0RZUpJJ3w==,east_village_south,2025-12-17,1,1,6283033.868938776,1839347.6727998755
Ihb2daS4/mM4WM37GBXAMx6SpMfYd0RZUpJJ3w==,east_village_south,2025-12-17,2,1,6283307.467314316,1839647.7666476953
Ihb2daS4/mM4WM37GBXAMx6SpMfYd0RZUpJJ3w==,east_village_south,2025-12-17,1,2,6283310.265988727,1839001.2286568966
Ihb2daS4/mM4WM37GBXAMx6SpMfYd0RZUpJJ3w==,east_village_south,2025-12-17,40,1,6283596.323953793,1838965.219937526
Ihb2daS4/mM4WM37GBXAMx6SpMfYd0RZUpJJ3w==,east_village_south,2025-12-17,8,1,6283539.766224384,1838734.9320422271
Ihb2daS4/mM4WM37GBXAMx6SpMfYd0RZUpJJ3w==,east_village_south,2025-12-17,1,2,6283475.773713036,1838715.9075053162
Ihb2daS4/mM4WM37GBXAMx6SpMfYd0RZUpJJ3w==,east_village_south,2025-12-17,1,1,6283445.781394175,1838850.4186145023
Ihb2daS4/mM4WM37GBXAMx6SpMfYd0RZUpJJ3w==,east_village_south,2025-12-17,1,1,6283391.988727846,1838616.9223262556
Ihb2daS4/mM4WM37GBXAMx6SpMfYd0RZUpJJ3w==,east_village_south,2025-12-17,1,1,6283320.90916284,1838239.4454884455
Ihb2daS4/mM4WM37GBXAMx6SpMfYd0RZUpJJ3w==,east_village_south,2025-12-17,2,1,6283358.89621125,1838024.8958678767
VPnMZb55IRRsAJHXz+EOcoj60PeYjps1FIEkSg==,east_village,2025-09-25,4,1,6283746.234824633,1841590.796238082
VPnMZb55IRRsAJHXz+EOcoj60PeYjps1FIEkSg==,east_village,2025-09-25,1,1,6284126.922939378,1840945.7587703436
VPnMZb55IRRsAJHXz+EOcoj60PeYjps1FIEkSg==,east_village,2025-09-25,3,1,6284605.111069974,1840560.2522293662
VPnMZb55IRRsAJHXz+EOcoj60PeYjps1FIEkSg==,east_village,2025-09-25,1,1,6285065.803167752,1840766.6391715065
VPnMZb55IRRsAJHXz+EOcoj60PeYjps1FIEkSg==,east_village,2025-09-25,3,1,6285342.308734398,1840531.359648581
VPnMZb55IRRsAJHXz+EOcoj60PeYjps1FIEkSg==,east_village,2025-09-25,1,2,6285351.947879424,1840396.4869363594
VPnMZb55IRRsAJHXz+EOcoj60PeYjps1FIEkSg==,east_village,2025-09-25,1,1,6284876.54837705,1840347.458170643
VPnMZb55IRRsAJHXz+EOcoj60PeYjps1FIEkSg==,east_village,2025-09-25,3,1,6284856.191346494,1839952.9242944303
VPnMZb55IRRsAJHXz+EOcoj60PeYjps1FIEkSg==,east_village,2025-09-25,1,2,6284628.338527842,1840065.7423271344
VPnMZb55IRRsAJHXz+EOcoj60PeYjps1FIEkSg==,east_village,2025-09-25,1,1,6284157.896757457,1839974.249923034
VPnMZb55IRRsAJHXz+EOcoj60PeYjps1FIEkSg==,east_village,2025-09-25,2,1,6283877.207151886,1840391.8403036136
VPnMZb55IRRsAJHXz+EOcoj60PeYjps1FIEkSg==,east_village,2025-09-25,1,1,6283737.946352688,1840561.9252768646
VPnMZb55IRRsAJHXz+EOcoj60PeYjps1FIEkSg==,east_village,2025-09-25,1,1,6283595.01160803,1840537.2280609715
VPnMZb55IRRsAJHXz+EOcoj60PeYjps1FIEkSg==,east_village,2025-09-25,1,1,6283281.011096053,1840565.3041545048
VPnMZb55IRRsAJHXz+EOcoj60PeYjps1FIEkSg==,east_village,2025-09-25,1,1,6283180.84679551,1840762.7839803917
VPnMZb55IRRsAJHXz+EOcoj60PeYjps1FIEkSg==,east_village,2025-09-25,1,1,6282974.633697351,1840563.3979593932
VPnMZb55IRRsAJHXz+EOcoj60PeYjps1FIEkSg==,east_village,2025-09-25,2,1,6282968.114763288,1840323.669887465
VPnMZb55IRRsAJHXz+EOcoj60PeYjps1FIEkSg==,east_village,2025-09-25,1,1,6282975.0885270275,1840176.3158255045
VPnMZb55IRRsAJHXz+EOcoj60PeYjps1FIEkSg==,east_village,2025-09-25,1,1,6283252.948056536,1840185.7689363009
VPnMZb55IRRsAJHXz+EOcoj60PeYjps1FIEkSg==,east_village,2025-09-25,1,1,6283251.594093674,1839941.0363025786
VPnMZb55IRRsAJHXz+EOcoj60PeYjps1FIEkSg==,east_village,2025-09-25,1,1,6282616.342987029,1840094.5971161523
VPnMZb55IRRsAJHXz+EOcoj60PeYjps1FIEkSg==,east_village,2025-09-25,1,1,6282703.802098781,1839947.08777134
VPnMZb55IRRsAJHXz+EOcoj60PeYjps1FIEkSg==,east_village,2025-09-25,3,1,6282761.7496897075,1840096.8138769672
VPnMZb55IRRsAJHXz+EOcoj60PeYjps1FIEkSg==,east_village,2025-09-25,1,1,6282407.341260651,1840329.7464018476
VPnMZb55IRRsAJHXz+EOcoj60PeYjps1FIEkSg==,east_village,2025-09-25,1,1,6282322.492266395,1840479.7480093082
VPnMZb55IRRsAJHXz+EOcoj60PeYjps1FIEkSg==,east_village,2025-09-25,1,2,6282416.41504842,1840561.9776493334
VPnMZb55IRRsAJHXz+EOcoj60PeYjps1FIEkSg==,east_village,2025-09-25,2,1,6282489.111491786,1840561.8373938545
VPnMZb55IRRsAJHXz+EOcoj60PeYjps1FIEkSg==,east_village,2025-09-25,1,2,6282207.758720731,1840859.5587293457
VPnMZb55IRRsAJHXz+EOcoj60PeYjps1FIEkSg==,east_village,2025-09-25,18,1,6282353.635165627,1840946.6827304314
VPnMZb55IRRsAJHXz+EOcoj60PeYjps1FIEkSg==,east_village,2025-09-25,3,3,6282358.247498927,1840841.7872977306
VPnMZb55IRRsAJHXz+EOcoj60PeYjps1FIEkSg==,east_village,2025-09-25,8,2,6282347.378734566,1840754.4028221841
VPnMZb55IRRsAJHXz+EOcoj60PeYjps1FIEkSg==,east_village,2025-09-25,3,2,6282445.844770154,1840719.2506706452
VPnMZb55IRRsAJHXz+EOcoj60PeYjps1FIEkSg==,east_village,2025-09-25,8,1,6282485.424826973,1840834.0500353246
VPnMZb55IRRsAJHXz+EOcoj60PeYjps1FIEkSg==,east_village,2025-09-25,9,1,6282623.111704743,1840848.7681823755
VPnMZb55IRRsAJHXz+EOcoj60PeYjps1FIEkSg==,east_village,2025-09-25,5,1,6282709.3975575445,1840958.482839273
VPnMZb55IRRsAJHXz+EOcoj60PeYjps1FIEkSg==,east_village,2025-09-25,6,1,6282778.627294664,1840801.01947124
VPnMZb55IRRsAJHXz+EOcoj60PeYjps1FIEkSg==,east_village,2025-09-25,1,2,6282630.49994691,1840776.3322735953
VPnMZb55IRRsAJHXz+EOcoj60PeYjps1FIEkSg==,east_village,2025-09-25,1,2,6282720.956022689,1840701.2388010663
HFzRgMrudOG1R5v1CwrJFZYeprG1FOE9vY/H5Q==,east_village,2025-12-18,1,1,6282049.744476866,1839976.3436244484
HFzRgMrudOG1R5v1CwrJFZYeprG1FOE9vY/H5Q==,east_village,2025-12-18,1,1,6282051.383835655,1840344.8248911805
HFzRgMrudOG1R5v1CwrJFZYeprG1FOE9vY/H5Q==,east_village,2025-12-18,1,1,6282327.0470915465,1840171.4931551223
HFzRgMrudOG1R5v1CwrJFZYeprG1FOE9vY/H5Q==,east_village,2025-12-18,1,1,6282769.270549825,1840155.4028892913
HFzRgMrudOG1R5v1CwrJFZYeprG1FOE9vY/H5Q==,east_village,2025-12-18,1,1,6282897.424232987,1839964.563324138
HFzRgMrudOG1R5v1CwrJFZYeprG1FOE9vY/H5Q==,east_village,2025-12-18,1,1,6283450.288350255,1839963.509867715
HFzRgMrudOG1R5v1CwrJFZYeprG1FOE9vY/H5Q==,east_village,2025-12-18,1,1,6283829.304726143,1839942.457496673
HFzRgMrudOG1R5v1CwrJFZYeprG1FOE9vY/H5Q==,east_village,2025-12-18,1,3,6283320.881303389,1840464.3869634052
HFzRgMrudOG1R5v1CwrJFZYeprG1FOE9vY/H5Q==,east_village,2025-12-18,1,1,6283607.900636727,1840476.5464199341
HFzRgMrudOG1R5v1CwrJFZYeprG1FOE9vY/H5Q==,east_village,2025-12-18,1,1,6283737.173606234,1840537.2906162047
HFzRgMrudOG1R5v1CwrJFZYeprG1FOE9vY/H5Q==,east_village,2025-12-18,2,1,6284015.887867537,1840457.9801179569
HFzRgMrudOG1R5v1CwrJFZYeprG1FOE9vY/H5Q==,east_village,2025-12-18,8,2,6282341.228055952,1840400.1805832118
HFzRgMrudOG1R5v1CwrJFZYeprG1FOE9vY/H5Q==,east_village,2025-12-18,12,1,6282372.458501698,1840318.8003820092
HFzRgMrudOG1R5v1CwrJFZYeprG1FOE9vY/H5Q==,east_village,2025-12-18,3,2,6282483.042631075,1840321.13094084
HFzRgMrudOG1R5v1CwrJFZYeprG1FOE9vY/H5Q==,east_village,2025-12-18,11,2,6282659.466529114,1840328.4185884227
HFzRgMrudOG1R5v1CwrJFZYeprG1FOE9vY/H5Q==,east_village,2025-12-18,1,3,6282767.361442604,1840318.0479131357
HFzRgMrudOG1R5v1CwrJFZYeprG1FOE9vY/H5Q==,east_village,2025-12-18,8,1,6282341.736822473,1840514.5368384046
HFzRgMrudOG1R5v1CwrJFZYeprG1FOE9vY/H5Q==,east_village,2025-12-18,6,1,6282457.823748771,1840570.2236167402
HFzRgMrudOG1R5v1CwrJFZYeprG1FOE9vY/H5Q==,east_village,2025-12-18,3,2,6282757.825618709,1840541.697989127
HFzRgMrudOG1R5v1CwrJFZYeprG1FOE9vY/H5Q==,east_village,2025-12-18,1,1,6282884.273701259,1840559.2459498951
HFzRgMrudOG1R5v1CwrJFZYeprG1FOE9vY/H5Q==,east_village,2025-12-18,4,2,6282348.0310339825,1840745.7805659869
HFzRgMrudOG1R5v1CwrJFZYeprG1FOE9vY/H5Q==,east_village,2025-12-18,4,2,6282482.897247793,1840880.2109826857
HFzRgMrudOG1R5v1CwrJFZYeprG1FOE9vY/H5Q==,east_village,2025-12-18,3,2,6282628.000252704,1840948.5488305476
HFzRgMrudOG1R5v1CwrJFZYeprG1FOE9vY/H5Q==,east_village,2025-12-18,9,1,6282490.11695125,1840727.7209263847
HFzRgMrudOG1R5v1CwrJFZYeprG1FOE9vY/H5Q==,east_village,2025-12-18,2,1,6282630.169396147,1840844.3525593574
HFzRgMrudOG1R5v1CwrJFZYeprG1FOE9vY/H5Q==,east_village,2025-12-18,1,1,6282906.036158646,1840716.7633253762
HFzRgMrudOG1R5v1CwrJFZYeprG1FOE9vY/H5Q==,east_village,2025-12-18,1,2,6283212.479217091,1840952.5176768454
HFzRgMrudOG1R5v1CwrJFZYeprG1FOE9vY/H5Q==,east_village,2025-12-18,2,1,6283296.6799541265,1840942.1921496908
HFzRgMrudOG1R5v1CwrJFZYeprG1FOE9vY/H5Q==,east_village,2025-12-18,1,1,6283604.738165801,1840949.2289743156
HFzRgMrudOG1R5v1CwrJFZYeprG1FOE9vY/H5Q==,east_village,2025-12-18,1,1,6283616.906675968,1840725.573881865
HFzRgMrudOG1R5v1CwrJFZYeprG1FOE9vY/H5Q==,east_village,2025-12-18,2,1,6283733.660651705,1840931.1944170091
HFzRgMrudOG1R5v1CwrJFZYeprG1FOE9vY/H5Q==,east_village,2025-12-18,2,1,6283739.706132916,1841106.5306420529
HFzRgMrudOG1R5v1CwrJFZYeprG1FOE9vY/H5Q==,east_village,2025-12-18,1,2,6283884.492571992,1841103.7134866838
HFzRgMrudOG1R5v1CwrJFZYeprG1FOE9vY/H5Q==,east_village,2025-12-18,7,1,6283743.265904848,1841314.908135056
HFzRgMrudOG1R5v1CwrJFZYeprG1FOE9vY/H5Q==,east_village,2025-12-18,1,1,6283893.091598016,1841261.2559444606
HFzRgMrudOG1R5v1CwrJFZYeprG1FOE9vY/H5Q==,east_village,2025-12-18,1,1,6284016.77132322,1841248.3139203032
HFzRgMrudOG1R5v1CwrJFZYeprG1FOE9vY/H5Q==,east_village,2025-12-18,1,1,6284181.625924994,1841613.9429164522
HFzRgMrudOG1R5v1CwrJFZYeprG1FOE9vY/H5Q==,east_village,2025-12-18,1,1,6283734.453660006,1841701.1982184323
HFzRgMrudOG1R5v1CwrJFZYeprG1FOE9vY/H5Q==,east_village,2025-12-18,1,3,6284921.79198157,1840514.7032086605
HFzRgMrudOG1R5v1CwrJFZYeprG1FOE9vY/H5Q==,east_village,2025-12-18,1,1,6284931.8478779085,1840407.9506379773
HFzRgMrudOG1R5v1CwrJFZYeprG1FOE9vY/H5Q==,east_village,2025-12-18,1,3,6285327.225667568,1840513.9306739501
HFzRgMrudOG1R5v1CwrJFZYeprG1FOE9vY/H5Q==,east_village,2025-12-18,1,2,6285200.947173859,1840534.501464913
HFzRgMrudOG1R5v1CwrJFZYeprG1FOE9vY/H5Q==,east_village,2025-12-18,2,1,6285070.984543068,1840318.7410116033
HFzRgMrudOG1R5v1CwrJFZYeprG1FOE9vY/H5Q==,east_village,2025-12-18,2,1,6285054.397010844,1840140.8836022806
HFzRgMrudOG1R5v1CwrJFZYeprG1FOE9vY/H5Q==,east_village,2025-12-18,2,1,6284922.593108368,1840103.0156735077
HFzRgMrudOG1R5v1CwrJFZYeprG1FOE9vY/H5Q==,east_village,2025-12-18,2,1,6285209.408935099,1840069.4326279594
HFzRgMrudOG1R5v1CwrJFZYeprG1FOE9vY/H5Q==,east_village,2025-12-18,3,1,6285177.183568155,1839927.1828190072
HFzRgMrudOG1R5v1CwrJFZYeprG1FOE9vY/H5Q==,east_village,2025-12-18,4,2,6285074.633168669,1839955.3322121836
HFzRgMrudOG1R5v1CwrJFZYeprG1FOE9vY/H5Q==,east_village,2025-12-18,3,1,6284537.474721656,1839936.0255689288
AK3FWd9ysuuv1B0cTTzEFQ3w2eB4MDNWemARCg==,City Center,2025-09-25,2,1,6280693.108275568,1842471.5329555788
AK3FWd9ysuuv1B0cTTzEFQ3w2eB4MDNWemARCg==,City Center,2025-09-25,2,2,6280945.365037268,1842448.2498980314
AK3FWd9ysuuv1B0cTTzEFQ3w2eB4MDNWemARCg==,City Center,2025-09-25,17,1,6280712.671995656,1842185.9422127148
AK3FWd9ysuuv1B0cTTzEFQ3w2eB4MDNWemARCg==,City Center,2025-09-25,1,1,6280668.12275471,1841968.0046011277
AK3FWd9ysuuv1B0cTTzEFQ3w2eB4MDNWemARCg==,City Center,2025-09-25,5,2,6281052.835294009,1842203.976470904
AK3FWd9ysuuv1B0cTTzEFQ3w2eB4MDNWemARCg==,City Center,2025-09-25,3,1,6281053.772052399,1842003.7547209046
AK3FWd9ysuuv1B0cTTzEFQ3w2eB4MDNWemARCg==,City Center,2025-09-25,2,1,6280796.197142329,1841865.087151074
AK3FWd9ysuuv1B0cTTzEFQ3w2eB4MDNWemARCg==,City Center,2025-09-25,2,1,6281288.242179781,1841886.2299687227
AK3FWd9ysuuv1B0cTTzEFQ3w2eB4MDNWemARCg==,City Center,2025-09-25,1,1,6281213.513919256,1842274.8169401807
AK3FWd9ysuuv1B0cTTzEFQ3w2eB4MDNWemARCg==,City Center,2025-09-25,4,1,6281510.092286772,1841868.8029617835
AK3FWd9ysuuv1B0cTTzEFQ3w2eB4MDNWemARCg==,City Center,2025-09-25,1,1,6281212.618488441,1842466.20537768
AK3FWd9ysuuv1B0cTTzEFQ3w2eB4MDNWemARCg==,City Center,2025-09-25,1,1,6281373.655286014,1842460.490471957
AK3FWd9ysuuv1B0cTTzEFQ3w2eB4MDNWemARCg==,City Center,2025-09-25,1,1,6281580.122979487,1842484.269177822
AK3FWd9ysuuv1B0cTTzEFQ3w2eB4MDNWemARCg==,City Center,2025-09-25,1,1,6281659.411716157,1842419.5768962412
AK3FWd9ysuuv1B0cTTzEFQ3w2eB4MDNWemARCg==,City Center,2025-09-25,1,1,6281526.032956026,1842357.599281417
AK3FWd9ysuuv1B0cTTzEFQ3w2eB4MDNWemARCg==,City Center,2025-09-25,3,1,6281842.499109768,1842246.052030093
AK3FWd9ysuuv1B0cTTzEFQ3w2eB4MDNWemARCg==,City Center,2025-09-25,1,1,6281649.354005479,1841972.009266486
AK3FWd9ysuuv1B0cTTzEFQ3w2eB4MDNWemARCg==,City Center,2025-09-25,3,1,6281780.314768951,1841901.4839113713
AK3FWd9ysuuv1B0cTTzEFQ3w2eB4MDNWemARCg==,City Center,2025-09-25,1,1,6281934.945125318,1841966.4289407698
AK3FWd9ysuuv1B0cTTzEFQ3w2eB4MDNWemARCg==,City Center,2025-09-25,6,1,6282071.8301749425,1841928.2989630334
AK3FWd9ysuuv1B0cTTzEFQ3w2eB4MDNWemARCg==,City Center,2025-09-25,2,1,6282137.906529297,1842090.315239195
AK3FWd9ysuuv1B0cTTzEFQ3w2eB4MDNWemARCg==,City Center,2025-09-25,1,1,6282633.196114928,1842067.2947767829
AK3FWd9ysuuv1B0cTTzEFQ3w2eB4MDNWemARCg==,City Center,2025-09-25,1,1,6282635.3799219895,1842249.8531842215
AK3FWd9ysuuv1B0cTTzEFQ3w2eB4MDNWemARCg==,City Center,2025-09-25,1,2,6282689.042893833,1842467.800643126
AK3FWd9ysuuv1B0cTTzEFQ3w2eB4MDNWemARCg==,City Center,2025-09-25,1,1,6282930.084772726,1842244.282705823
AK3FWd9ysuuv1B0cTTzEFQ3w2eB4MDNWemARCg==,City Center,2025-09-25,1,1,6283330.8822943345,1842288.8825502957
AK3FWd9ysuuv1B0cTTzEFQ3w2eB4MDNWemARCg==,City Center,2025-09-25,1,1,6283470.777702541,1842256.6447299987
AK3FWd9ysuuv1B0cTTzEFQ3w2eB4MDNWemARCg==,City Center,2025-09-25,1,1,6283618.670997092,1842462.916194518
AK3FWd9ysuuv1B0cTTzEFQ3w2eB4MDNWemARCg==,City Center,2025-09-25,2,1,6283535.3865944855,1842082.991848722
AK3FWd9ysuuv1B0cTTzEFQ3w2eB4MDNWemARCg==,City Center,2025-09-25,3,1,6283559.46224175,1841482.3495757985
AK3FWd9ysuuv1B0cTTzEFQ3w2eB4MDNWemARCg==,City Center,2025-09-25,3,1,6283243.49201892,1841487.897077123
AK3FWd9ysuuv1B0cTTzEFQ3w2eB4MDNWemARCg==,City Center,2025-09-25,2,1,6283514.65125949,1841320.3562767114
AK3FWd9ysuuv1B0cTTzEFQ3w2eB4MDNWemARCg==,City Center,2025-09-25,2,1,6282976.94113654,1841319.7752849748
AK3FWd9ysuuv1B0cTTzEFQ3w2eB4MDNWemARCg==,City Center,2025-09-25,2,1,6282736.891119472,1841331.293722279
AK3FWd9ysuuv1B0cTTzEFQ3w2eB4MDNWemARCg==,City Center,2025-09-25,1,1,6282615.567569527,1841289.9402997114
AK3FWd9ysuuv1B0cTTzEFQ3w2eB4MDNWemARCg==,City Center,2025-09-25,1,2,6282619.1702900315,1841169.221644651
AK3FWd9ysuuv1B0cTTzEFQ3w2eB4MDNWemARCg==,City Center,2025-09-25,1,1,6282415.933368879,1841104.2240962256
AK3FWd9ysuuv1B0cTTzEFQ3w2eB4MDNWemARCg==,City Center,2025-09-25,8,1,6282744.01390533,1841107.523037158
AK3FWd9ysuuv1B0cTTzEFQ3w2eB4MDNWemARCg==,City Center,2025-09-25,1,1,6282060.68417143,1841713.3418957775
AK3FWd9ysuuv1B0cTTzEFQ3w2eB4MDNWemARCg==,City Center,2025-09-25,1,1,6282201.337251864,1841519.1600129807
AK3FWd9ysuuv1B0cTTzEFQ3w2eB4MDNWemARCg==,City Center,2025-09-25,1,1,6282061.676033255,1841501.342395778
AK3FWd9ysuuv1B0cTTzEFQ3w2eB4MDNWemARCg==,City Center,2025-09-25,8,1,6281642.003584493,1841595.1114191697
AK3FWd9ysuuv1B0cTTzEFQ3w2eB4MDNWemARCg==,City Center,2025-09-25,2,1,6281556.363510053,1841718.685885872
AK3FWd9ysuuv1B0cTTzEFQ3w2eB4MDNWemARCg==,City Center,2025-09-25,1,1,6280680.542691691,1841261.3494484478
AK3FWd9ysuuv1B0cTTzEFQ3w2eB4MDNWemARCg==,City Center,2025-09-25,1,1,6280679.736470498,1840784.3472910102
AK3FWd9ysuuv1B0cTTzEFQ3w2eB4MDNWemARCg==,City Center,2025-09-25,1,1,6280666.1724703275,1840436.8872538155
AK3FWd9ysuuv1B0cTTzEFQ3w2eB4MDNWemARCg==,City Center,2025-09-25,1,1,6280516.750055462,1840557.4483517949
AK3FWd9ysuuv1B0cTTzEFQ3w2eB4MDNWemARCg==,City Center,2025-09-25,1,1,6282415.617191049,1842470.4496610991
AK3FWd9ysuuv1B0cTTzEFQ3w2eB4MDNWemARCg==,City Center,2025-09-25,5,1,6283475.090213228,1842633.5392948757
UYMFZfYVgDdHfuOhrn9KeRok6jkOya9me8MrYw==,City Center,2025-12-18,3,1,6280120.401748357,1840881.5961618284
UYMFZfYVgDdHfuOhrn9KeRok6jkOya9me8MrYw==,City Center,2025-12-18,3,2,6280116.43005557,1841175.9813527502
UYMFZfYVgDdHfuOhrn9KeRok6jkOya9me8MrYw==,City Center,2025-12-18,2,1,6280108.1458306,1841303.8665750965
UYMFZfYVgDdHfuOhrn9KeRok6jkOya9me8MrYw==,City Center,2025-12-18,1,1,6280652.677378133,1841691.6507576378
UYMFZfYVgDdHfuOhrn9KeRok6jkOya9me8MrYw==,City Center,2025-12-18,1,1,6280777.466062292,1841503.9242695991
UYMFZfYVgDdHfuOhrn9KeRok6jkOya9me8MrYw==,City Center,2025-12-18,2,1,6281003.734528262,1841720.2642068407
UYMFZfYVgDdHfuOhrn9KeRok6jkOya9me8MrYw==,City Center,2025-12-18,2,1,6281348.30584172,1841704.2964744521
UYMFZfYVgDdHfuOhrn9KeRok6jkOya9me8MrYw==,City Center,2025-12-18,1,1,6281092.298767422,1841627.804115626
UYMFZfYVgDdHfuOhrn9KeRok6jkOya9me8MrYw==,City Center,2025-12-18,1,1,6281017.688595837,1841526.944764481
UYMFZfYVgDdHfuOhrn9KeRok6jkOya9me8MrYw==,City Center,2025-12-18,1,1,6281634.404386645,1841688.5154825838
UYMFZfYVgDdHfuOhrn9KeRok6jkOya9me8MrYw==,City Center,2025-12-18,1,1,6281240.71513943,1841306.1964845338
UYMFZfYVgDdHfuOhrn9KeRok6jkOya9me8MrYw==,City Center,2025-12-18,4,1,6282061.781881083,1841633.6283220635
UYMFZfYVgDdHfuOhrn9KeRok6jkOya9me8MrYw==,City Center,2025-12-18,4,1,6282332.448747555,1841611.9496939722
UYMFZfYVgDdHfuOhrn9KeRok6jkOya9me8MrYw==,City Center,2025-12-18,1,1,6282180.702237595,1841484.5755509452
UYMFZfYVgDdHfuOhrn9KeRok6jkOya9me8MrYw==,City Center,2025-12-18,1,1,6282408.416229563,1841480.8748565277
UYMFZfYVgDdHfuOhrn9KeRok6jkOya9me8MrYw==,City Center,2025-12-18,1,1,6282402.67019429,1841121.1045878343
UYMFZfYVgDdHfuOhrn9KeRok6jkOya9me8MrYw==,City Center,2025-12-18,2,1,6282722.34472505,1841482.845744019
UYMFZfYVgDdHfuOhrn9KeRok6jkOya9me8MrYw==,City Center,2025-12-18,2,1,6282895.523564475,1841595.284141744
UYMFZfYVgDdHfuOhrn9KeRok6jkOya9me8MrYw==,City Center,2025-12-18,3,1,6282682.768088204,1841126.156977491
UYMFZfYVgDdHfuOhrn9KeRok6jkOya9me8MrYw==,City Center,2025-12-18,2,1,6283040.355182794,1841205.298386751
UYMFZfYVgDdHfuOhrn9KeRok6jkOya9me8MrYw==,City Center,2025-12-18,1,1,6283166.300700415,1841588.4724598157
UYMFZfYVgDdHfuOhrn9KeRok6jkOya9me8MrYw==,City Center,2025-12-18,1,1,6283296.460503655,1841709.9686235166
UYMFZfYVgDdHfuOhrn9KeRok6jkOya9me8MrYw==,City Center,2025-12-18,1,1,6283528.565212391,1841468.377133596
UYMFZfYVgDdHfuOhrn9KeRok6jkOya9me8MrYw==,City Center,2025-12-18,1,1,6283633.707932479,1841536.4309186982
UYMFZfYVgDdHfuOhrn9KeRok6jkOya9me8MrYw==,City Center,2025-12-18,7,1,6283561.104665222,1841706.1499877176
UYMFZfYVgDdHfuOhrn9KeRok6jkOya9me8MrYw==,City Center,2025-12-18,5,1,6283452.730053746,1841617.292306436
UYMFZfYVgDdHfuOhrn9KeRok6jkOya9me8MrYw==,City Center,2025-12-18,1,1,6283621.165314102,1841920.0472719427
UYMFZfYVgDdHfuOhrn9KeRok6jkOya9me8MrYw==,City Center,2025-12-18,1,3,6283527.041501806,1842092.8085293341
UYMFZfYVgDdHfuOhrn9KeRok6jkOya9me8MrYw==,City Center,2025-12-18,3,1,6283464.851656223,1842006.7768105583
UYMFZfYVgDdHfuOhrn9KeRok6jkOya9me8MrYw==,City Center,2025-12-18,1,1,6283322.778766537,1841938.8409668375
UYMFZfYVgDdHfuOhrn9KeRok6jkOya9me8MrYw==,City Center,2025-12-18,1,1,6283049.188763188,1841981.3431480052
UYMFZfYVgDdHfuOhrn9KeRok6jkOya9me8MrYw==,City Center,2025-12-18,1,1,6282895.3351104185,1841984.80795966
UYMFZfYVgDdHfuOhrn9KeRok6jkOya9me8MrYw==,City Center,2025-12-18,1,1,6282759.262871743,1841896.0387344141
UYMFZfYVgDdHfuOhrn9KeRok6jkOya9me8MrYw==,City Center,2025-12-18,4,1,6282482.815893198,1841968.2846363562
UYMFZfYVgDdHfuOhrn9KeRok6jkOya9me8MrYw==,City Center,2025-12-18,2,1,6282395.785395611,1841852.597652842
UYMFZfYVgDdHfuOhrn9KeRok6jkOya9me8MrYw==,City Center,2025-12-18,1,1,6282425.31349599,1842099.30050311
UYMFZfYVgDdHfuOhrn9KeRok6jkOya9me8MrYw==,City Center,2025-12-18,4,1,6282326.458127532,1842049.0673965064
UYMFZfYVgDdHfuOhrn9KeRok6jkOya9me8MrYw==,City Center,2025-12-18,4,1,6282208.917135337,1841969.1593682677
UYMFZfYVgDdHfuOhrn9KeRok6jkOya9me8MrYw==,City Center,2025-12-18,1,1,6282148.359277889,1842103.1584527027
UYMFZfYVgDdHfuOhrn9KeRok6jkOya9me8MrYw==,City Center,2025-12-18,1,1,6282121.930745538,1841859.419163219
UYMFZfYVgDdHfuOhrn9KeRok6jkOya9me8MrYw==,City Center,2025-12-18,13,1,6282076.914836013,1842014.1828300396
UYMFZfYVgDdHfuOhrn9KeRok6jkOya9me8MrYw==,City Center,2025-12-18,2,1,6281829.633064559,1841869.2730335188
UYMFZfYVgDdHfuOhrn9KeRok6jkOya9me8MrYw==,City Center,2025-12-18,1,1,6281938.933939571,1842083.0130625688
UYMFZfYVgDdHfuOhrn9KeRok6jkOya9me8MrYw==,City Center,2025-12-18,1,3,6281648.5669702515,1841938.2408643265
UYMFZfYVgDdHfuOhrn9KeRok6jkOya9me8MrYw==,City Center,2025-12-18,5,1,6281649.250640957,1842030.4159305363
UYMFZfYVgDdHfuOhrn9KeRok6jkOya9me8MrYw==,City Center,2025-12-18,6,1,6281537.181006323,1841858.313179191
UYMFZfYVgDdHfuOhrn9KeRok6jkOya9me8MrYw==,City Center,2025-12-18,1,1,6281374.579996815,1841927.2220393077
UYMFZfYVgDdHfuOhrn9KeRok6jkOya9me8MrYw==,City Center,2025-12-18,4,1,6281224.355205522,1842005.0117533286
UYMFZfYVgDdHfuOhrn9KeRok6jkOya9me8MrYw==,City Center,2025-12-18,2,1,6281530.9036856815,1842256.7768217016
UYMFZfYVgDdHfuOhrn9KeRok6jkOya9me8MrYw==,City Center,2025-12-18,1,1,6281934.035983247,1842252.5159057227
UYMFZfYVgDdHfuOhrn9KeRok6jkOya9me8MrYw==,City Center,2025-12-18,1,3,6282070.240545284,1842359.1254663637
UYMFZfYVgDdHfuOhrn9KeRok6jkOya9me8MrYw==,City Center,2025-12-18,2,1,6281227.2883733865,1842400.4725212613
UYMFZfYVgDdHfuOhrn9KeRok6jkOya9me8MrYw==,City Center,2025-12-18,44,1,6280724.8596294895,1842295.0325459852
UYMFZfYVgDdHfuOhrn9KeRok6jkOya9me8MrYw==,City Center,2025-12-18,10,2,6280704.67434098,1842063.1671565347
UYMFZfYVgDdHfuOhrn9KeRok6jkOya9me8MrYw==,City Center,2025-12-18,3,1,6280507.889867601,1842087.583291096
UYMFZfYVgDdHfuOhrn9KeRok6jkOya9me8MrYw==,City Center,2025-12-18,1,1,6280527.8225322915,1841870.4570779786
UYMFZfYVgDdHfuOhrn9KeRok6jkOya9me8MrYw==,City Center,2025-12-18,2,2,6280400.110711255,1842079.0071190938
UYMFZfYVgDdHfuOhrn9KeRok6jkOya9me8MrYw==,City Center,2025-12-18,1,1,6283625.112961078,1842452.2839445742
SMQTHcXkLwb6EdDS0Gh65xsyMbT+fqG/+mdNcw==,cortez,2025-09-25,1,1,6280486.085905101,1843625.7974347486
SMQTHcXkLwb6EdDS0Gh65xsyMbT+fqG/+mdNcw==,cortez,2025-09-25,1,3,6280732.412435543,1843769.4162157231
SMQTHcXkLwb6EdDS0Gh65xsyMbT+fqG/+mdNcw==,cortez,2025-09-25,1,1,6280807.404158674,1843413.805540806
SMQTHcXkLwb6EdDS0Gh65xsyMbT+fqG/+mdNcw==,cortez,2025-09-25,1,1,6280940.577202805,1843414.808561944
SMQTHcXkLwb6EdDS0Gh65xsyMbT+fqG/+mdNcw==,cortez,2025-09-25,1,1,6280377.466722229,1843236.3609951974
SMQTHcXkLwb6EdDS0Gh65xsyMbT+fqG/+mdNcw==,cortez,2025-09-25,1,1,6280774.291124324,1843244.5427617196
SMQTHcXkLwb6EdDS0Gh65xsyMbT+fqG/+mdNcw==,cortez,2025-09-25,1,1,6280740.270896513,1843016.1693257557
SMQTHcXkLwb6EdDS0Gh65xsyMbT+fqG/+mdNcw==,cortez,2025-09-25,1,1,6281218.202380674,1843609.4688082493
SMQTHcXkLwb6EdDS0Gh65xsyMbT+fqG/+mdNcw==,cortez,2025-09-25,4,1,6281578.404968025,1843762.0292179575
SMQTHcXkLwb6EdDS0Gh65xsyMbT+fqG/+mdNcw==,cortez,2025-09-25,1,2,6281226.693596617,1843439.716339344
SMQTHcXkLwb6EdDS0Gh65xsyMbT+fqG/+mdNcw==,cortez,2025-09-25,1,2,6281354.634952928,1843461.3448809371
SMQTHcXkLwb6EdDS0Gh65xsyMbT+fqG/+mdNcw==,cortez,2025-09-25,3,1,6281239.536157005,1843372.7323668466
SMQTHcXkLwb6EdDS0Gh65xsyMbT+fqG/+mdNcw==,cortez,2025-09-25,6,1,6281564.325411647,1843386.9029861754
SMQTHcXkLwb6EdDS0Gh65xsyMbT+fqG/+mdNcw==,cortez,2025-09-25,2,1,6281502.464944369,1843513.5852433336
SMQTHcXkLwb6EdDS0Gh65xsyMbT+fqG/+mdNcw==,cortez,2025-09-25,1,1,6281649.151083185,1843491.294777493
SMQTHcXkLwb6EdDS0Gh65xsyMbT+fqG/+mdNcw==,cortez,2025-09-25,1,1,6281778.327771617,1843412.659559262
SMQTHcXkLwb6EdDS0Gh65xsyMbT+fqG/+mdNcw==,cortez,2025-09-25,1,1,6281900.300612531,1843226.1484334911
SMQTHcXkLwb6EdDS0Gh65xsyMbT+fqG/+mdNcw==,cortez,2025-09-25,1,2,6281004.132063555,1842856.263568758
SMQTHcXkLwb6EdDS0Gh65xsyMbT+fqG/+mdNcw==,cortez,2025-09-25,1,1,6281081.293162355,1842642.0044646354
SMQTHcXkLwb6EdDS0Gh65xsyMbT+fqG/+mdNcw==,cortez,2025-09-25,1,1,6281556.357886465,1842867.7572170747
SMQTHcXkLwb6EdDS0Gh65xsyMbT+fqG/+mdNcw==,cortez,2025-09-25,1,1,6281627.774535923,1842640.7132621286
SMQTHcXkLwb6EdDS0Gh65xsyMbT+fqG/+mdNcw==,cortez,2025-09-25,1,1,6281918.964844779,1842634.7154048337
SMQTHcXkLwb6EdDS0Gh65xsyMbT+fqG/+mdNcw==,cortez,2025-09-25,2,1,6282115.8521863045,1842629.827511129
SMQTHcXkLwb6EdDS0Gh65xsyMbT+fqG/+mdNcw==,cortez,2025-09-25,2,2,6283412.368174748,1843056.6920390346
SMQTHcXkLwb6EdDS0Gh65xsyMbT+fqG/+mdNcw==,cortez,2025-09-25,2,2,6280786.527779825,1842776.5690419015
T3J8ojFbAavyBWwI7HfH4lkJFVQbgIbu9Ep3gg==,cortez,2025-12-18,1,1,6283055.171470964,1843404.0289822416
T3J8ojFbAavyBWwI7HfH4lkJFVQbgIbu9Ep3gg==,cortez,2025-12-18,1,1,6282346.423169319,1843433.1422094482
T3J8ojFbAavyBWwI7HfH4lkJFVQbgIbu9Ep3gg==,cortez,2025-12-18,2,1,6282181.015012955,1843389.212027023
T3J8ojFbAavyBWwI7HfH4lkJFVQbgIbu9Ep3gg==,cortez,2025-12-18,2,2,6282094.144128596,1843381.5082752765
T3J8ojFbAavyBWwI7HfH4lkJFVQbgIbu9Ep3gg==,cortez,2025-12-18,1,1,6281934.520943355,1843410.1585126359
T3J8ojFbAavyBWwI7HfH4lkJFVQbgIbu9Ep3gg==,cortez,2025-12-18,1,1,6281780.734630266,1843532.1277823993
T3J8ojFbAavyBWwI7HfH4lkJFVQbgIbu9Ep3gg==,cortez,2025-12-18,1,3,6282076.970868839,1843236.3521600945
T3J8ojFbAavyBWwI7HfH4lkJFVQbgIbu9Ep3gg==,cortez,2025-12-18,1,1,6281851.3135754885,1842627.3443898272
T3J8ojFbAavyBWwI7HfH4lkJFVQbgIbu9Ep3gg==,cortez,2025-12-18,1,2,6281574.333125531,1843900.412958695
T3J8ojFbAavyBWwI7HfH4lkJFVQbgIbu9Ep3gg==,cortez,2025-12-18,2,1,6281649.640555275,1843765.5481974508
T3J8ojFbAavyBWwI7HfH4lkJFVQbgIbu9Ep3gg==,cortez,2025-12-18,2,1,6281501.23698032,1843799.3736391927
T3J8ojFbAavyBWwI7HfH4lkJFVQbgIbu9Ep3gg==,cortez,2025-12-18,2,1,6281500.62065558,1843553.102614329
T3J8ojFbAavyBWwI7HfH4lkJFVQbgIbu9Ep3gg==,cortez,2025-12-18,1,1,6281567.445257506,1843387.137020734
T3J8ojFbAavyBWwI7HfH4lkJFVQbgIbu9Ep3gg==,cortez,2025-12-18,3,1,6281366.037233175,1843511.7387743576
T3J8ojFbAavyBWwI7HfH4lkJFVQbgIbu9Ep3gg==,cortez,2025-12-18,1,3,6281228.963558196,1843594.8089722998
T3J8ojFbAavyBWwI7HfH4lkJFVQbgIbu9Ep3gg==,cortez,2025-12-18,11,1,6281228.742978816,1843506.6698686644
T3J8ojFbAavyBWwI7HfH4lkJFVQbgIbu9Ep3gg==,cortez,2025-12-18,3,2,6281253.659476704,1843387.401586361
T3J8ojFbAavyBWwI7HfH4lkJFVQbgIbu9Ep3gg==,cortez,2025-12-18,9,1,6281326.509092019,1843389.932495918
T3J8ojFbAavyBWwI7HfH4lkJFVQbgIbu9Ep3gg==,cortez,2025-12-18,1,1,6280932.570619632,1842708.481313066
T3J8ojFbAavyBWwI7HfH4lkJFVQbgIbu9Ep3gg==,cortez,2025-12-18,1,3,6280397.544623816,1842745.225064033
T3J8ojFbAavyBWwI7HfH4lkJFVQbgIbu9Ep3gg==,cortez,2025-12-18,1,3,6280232.305145803,1842768.6953726232
T3J8ojFbAavyBWwI7HfH4lkJFVQbgIbu9Ep3gg==,cortez,2025-12-18,1,1,6280538.295787445,1843012.1165918617
T3J8ojFbAavyBWwI7HfH4lkJFVQbgIbu9Ep3gg==,cortez,2025-12-18,1,1,6280706.395312875,1843011.9748602759
T3J8ojFbAavyBWwI7HfH4lkJFVQbgIbu9Ep3gg==,cortez,2025-12-18,1,1,6280815.874096156,1843097.429511803
T3J8ojFbAavyBWwI7HfH4lkJFVQbgIbu9Ep3gg==,cortez,2025-12-18,1,1,6280936.25459591,1843061.0353654146
T3J8ojFbAavyBWwI7HfH4lkJFVQbgIbu9Ep3gg==,cortez,2025-12-18,1,1,6281067.776854405,1842998.7085044787
T3J8ojFbAavyBWwI7HfH4lkJFVQbgIbu9Ep3gg==,cortez,2025-12-18,3,1,6281082.122504891,1843133.4976755437
T3J8ojFbAavyBWwI7HfH4lkJFVQbgIbu9Ep3gg==,cortez,2025-12-18,1,1,6281015.194100903,1843257.9860438986
T3J8ojFbAavyBWwI7HfH4lkJFVQbgIbu9Ep3gg==,cortez,2025-12-18,2,1,6281051.946533817,1843390.1639908415
T3J8ojFbAavyBWwI7HfH4lkJFVQbgIbu9Ep3gg==,cortez,2025-12-18,1,2,6280962.2675030725,1843379.8702747105
T3J8ojFbAavyBWwI7HfH4lkJFVQbgIbu9Ep3gg==,cortez,2025-12-18,1,1,6281091.669303837,1843589.7400666066
T3J8ojFbAavyBWwI7HfH4lkJFVQbgIbu9Ep3gg==,cortez,2025-12-18,3,2,6280385.528032083,1843541.0811342944
T3J8ojFbAavyBWwI7HfH4lkJFVQbgIbu9Ep3gg==,cortez,2025-12-18,2,1,6280957.702206172,1843794.6472514987
NA81PMDdfrkvdxxAz2j4bSXVwwovpQdjRoSa9A==,Golden Hill,2025-09-25,1,1,6285780.799739294,1841853.662959222
NA81PMDdfrkvdxxAz2j4bSXVwwovpQdjRoSa9A==,Golden Hill,2025-09-25,1,2,6285719.0508321505,1840762.589549985
NA81PMDdfrkvdxxAz2j4bSXVwwovpQdjRoSa9A==,Golden Hill,2025-09-25,3,1,6286035.665275961,1840649.3216715443
WCZv0Qdzbn2XojjWftsFZ+JeSnmNjv19ltiHYA==,Golden Hill,2025-12-18,3,2,6285701.042771078,1842366.2026676734
WCZv0Qdzbn2XojjWftsFZ+JeSnmNjv19ltiHYA==,Golden Hill,2025-12-18,1,2,6285743.435930346,1841609.0600118402
WCZv0Qdzbn2XojjWftsFZ+JeSnmNjv19ltiHYA==,Golden Hill,2025-12-18,1,1,6285782.015152604,1841322.7250207982
WCZv0Qdzbn2XojjWftsFZ+JeSnmNjv19ltiHYA==,Golden Hill,2025-12-18,1,2,6285739.402888705,1840956.7803647476
B1U4+fHhwTKXYIbJn0bpsN1Ja68UOZZI/ZEyJA==,marina,2025-09-25,1,1,6278594.175966553,1840356.3468631387
B1U4+fHhwTKXYIbJn0bpsN1Ja68UOZZI/ZEyJA==,marina,2025-09-25,1,1,6279164.6343524065,1840350.4640387497
B1U4+fHhwTKXYIbJn0bpsN1Ja68UOZZI/ZEyJA==,marina,2025-09-25,1,1,6279688.797395964,1839977.7601298976
B1U4+fHhwTKXYIbJn0bpsN1Ja68UOZZI/ZEyJA==,marina,2025-09-25,6,1,6281360.862698741,1840171.2175281562
B1U4+fHhwTKXYIbJn0bpsN1Ja68UOZZI/ZEyJA==,marina,2025-09-25,1,1,6281280.092022602,1839966.0088693025
B1U4+fHhwTKXYIbJn0bpsN1Ja68UOZZI/ZEyJA==,marina,2025-09-25,1,1,6280655.796444933,1839594.7001428693
B1U4+fHhwTKXYIbJn0bpsN1Ja68UOZZI/ZEyJA==,marina,2025-09-25,1,1,6280945.971723458,1839574.8078368134
B1U4+fHhwTKXYIbJn0bpsN1Ja68UOZZI/ZEyJA==,marina,2025-09-25,1,1,6281226.103102854,1839544.5594478203
B1U4+fHhwTKXYIbJn0bpsN1Ja68UOZZI/ZEyJA==,marina,2025-09-25,1,1,6280224.810224807,1839412.3323963576
B1U4+fHhwTKXYIbJn0bpsN1Ja68UOZZI/ZEyJA==,marina,2025-09-25,1,1,6280652.580381524,1839386.4421937747
B1U4+fHhwTKXYIbJn0bpsN1Ja68UOZZI/ZEyJA==,marina,2025-09-25,1,1,6281085.488515048,1839399.5742866949
B1U4+fHhwTKXYIbJn0bpsN1Ja68UOZZI/ZEyJA==,marina,2025-09-25,1,1,6280954.641146024,1839184.239679657
B1U4+fHhwTKXYIbJn0bpsN1Ja68UOZZI/ZEyJA==,marina,2025-09-25,6,1,6280886.523520693,1839020.613570196
B1U4+fHhwTKXYIbJn0bpsN1Ja68UOZZI/ZEyJA==,marina,2025-09-25,1,1,6281226.123954512,1838820.7987089036
zvBWaLMhG2DKY8aJMCHCNpN9cvQiw0wfYSDFpg==,marina,2025-12-18,3,1,6278448.843572665,1840570.4838510214
zvBWaLMhG2DKY8aJMCHCNpN9cvQiw0wfYSDFpg==,marina,2025-12-18,1,1,6278616.17841282,1840534.158811559
zvBWaLMhG2DKY8aJMCHCNpN9cvQiw0wfYSDFpg==,marina,2025-12-18,2,1,6279131.109929892,1840198.1001462727
zvBWaLMhG2DKY8aJMCHCNpN9cvQiw0wfYSDFpg==,marina,2025-12-18,1,1,6281217.475635102,1839968.50916937
zvBWaLMhG2DKY8aJMCHCNpN9cvQiw0wfYSDFpg==,marina,2025-12-18,1,1,6280052.084645406,1839430.4804433081
zvBWaLMhG2DKY8aJMCHCNpN9cvQiw0wfYSDFpg==,marina,2025-12-18,1,1,6280368.958060206,1839405.3008400034
zvBWaLMhG2DKY8aJMCHCNpN9cvQiw0wfYSDFpg==,marina,2025-12-18,2,1,6281206.259466389,1838661.1258147785
uZBomxmfbj5IZ7JIJY8Y0rRsbVG0F/2VuRTh4Q==,columbia,2025-09-24,1,1,6278887.415369339,1842475.723823096
uZBomxmfbj5IZ7JIJY8Y0rRsbVG0F/2VuRTh4Q==,columbia,2025-09-24,6,1,6279018.639097895,1842288.9266968379
uZBomxmfbj5IZ7JIJY8Y0rRsbVG0F/2VuRTh4Q==,columbia,2025-09-24,2,1,6278880.962856218,1842100.7039354069
uZBomxmfbj5IZ7JIJY8Y0rRsbVG0F/2VuRTh4Q==,columbia,2025-09-24,8,1,6279009.975659643,1842097.9485674347
uZBomxmfbj5IZ7JIJY8Y0rRsbVG0F/2VuRTh4Q==,columbia,2025-09-24,2,1,6279150.9310774505,1841643.3151782167
uZBomxmfbj5IZ7JIJY8Y0rRsbVG0F/2VuRTh4Q==,columbia,2025-09-24,1,1,6279284.883830579,1841719.309108511
uZBomxmfbj5IZ7JIJY8Y0rRsbVG0F/2VuRTh4Q==,columbia,2025-09-24,2,1,6279284.045351251,1841566.39649039
uZBomxmfbj5IZ7JIJY8Y0rRsbVG0F/2VuRTh4Q==,columbia,2025-09-24,1,1,6278846.087106032,1841219.7087252482
uZBomxmfbj5IZ7JIJY8Y0rRsbVG0F/2VuRTh4Q==,columbia,2025-09-24,1,1,6279701.84122015,1841887.229935772
uZBomxmfbj5IZ7JIJY8Y0rRsbVG0F/2VuRTh4Q==,columbia,2025-09-24,1,1,6279827.385538478,1842099.6071972507
uZBomxmfbj5IZ7JIJY8Y0rRsbVG0F/2VuRTh4Q==,columbia,2025-09-24,1,2,6279943.978726889,1842104.2856973908
uZBomxmfbj5IZ7JIJY8Y0rRsbVG0F/2VuRTh4Q==,columbia,2025-09-24,1,2,6279832.086987866,1841956.1344189506
uZBomxmfbj5IZ7JIJY8Y0rRsbVG0F/2VuRTh4Q==,columbia,2025-09-24,1,3,6279301.175144297,1842249.4389310284
f62xj4yA4PAOikl767ErpZ3vbJySLV7kltrZ6w==,columbia,2025-12-18,1,1,6278446.464821277,1841341.7596525196
f62xj4yA4PAOikl767ErpZ3vbJySLV7kltrZ6w==,columbia,2025-12-18,2,1,6278754.333071843,1841532.3797547128
f62xj4yA4PAOikl767ErpZ3vbJySLV7kltrZ6w==,columbia,2025-12-18,8,1,6279048.948927526,1841544.2201732744
f62xj4yA4PAOikl767ErpZ3vbJySLV7kltrZ6w==,columbia,2025-12-18,2,1,6279326.974785234,1841336.2029180306
f62xj4yA4PAOikl767ErpZ3vbJySLV7kltrZ6w==,columbia,2025-12-18,3,1,6279165.940383083,1841621.768601964
f62xj4yA4PAOikl767ErpZ3vbJySLV7kltrZ6w==,columbia,2025-12-18,1,1,6279288.158782673,1841728.3816393057
f62xj4yA4PAOikl767ErpZ3vbJySLV7kltrZ6w==,columbia,2025-12-18,1,1,6279582.453577519,1841520.7518723947
f62xj4yA4PAOikl767ErpZ3vbJySLV7kltrZ6w==,columbia,2025-12-18,1,1,6279840.981584566,1841522.0860571475
f62xj4yA4PAOikl767ErpZ3vbJySLV7kltrZ6w==,columbia,2025-12-18,1,1,6279005.270386341,1842387.266538498
f62xj4yA4PAOikl767ErpZ3vbJySLV7kltrZ6w==,columbia,2025-12-18,1,1,6279113.904001848,1842631.021563928
f62xj4yA4PAOikl767ErpZ3vbJySLV7kltrZ6w==,columbia,2025-12-18,1,1,6279086.881459939,1842883.6039556996
f62xj4yA4PAOikl767ErpZ3vbJySLV7kltrZ6w==,columbia,2025-12-18,2,1,6279845.025998047,1842793.1357682745
f62xj4yA4PAOikl767ErpZ3vbJySLV7kltrZ6w==,columbia,2025-12-18,2,2,6279878.625728642,1842637.1770797877
f62xj4yA4PAOikl767ErpZ3vbJySLV7kltrZ6w==,columbia,2025-12-18,2,1,6279954.596444044,1842631.7514972053
HxmmZar+k7T1ZUeO6EtH/0GrRZEQ5Mci02uncw==,Barrio Logan,2025-09-25,2,3,6284508.054204994,1837343.2772056216
HxmmZar+k7T1ZUeO6EtH/0GrRZEQ5Mci02uncw==,Barrio Logan,2025-09-25,1,3,6284665.130021906,1837383.33585859
HxmmZar+k7T1ZUeO6EtH/0GrRZEQ5Mci02uncw==,Barrio Logan,2025-09-25,1,3,6285283.803438983,1837543.7258796461
HxmmZar+k7T1ZUeO6EtH/0GrRZEQ5Mci02uncw==,Barrio Logan,2025-09-25,1,3,6284957.3657923825,1837352.4082397867
HxmmZar+k7T1ZUeO6EtH/0GrRZEQ5Mci02uncw==,Barrio Logan,2025-09-25,1,2,6284928.899725594,1837267.6804614426
HxmmZar+k7T1ZUeO6EtH/0GrRZEQ5Mci02uncw==,Barrio Logan,2025-09-25,1,1,6284887.447267101,1837212.6501281497
HxmmZar+k7T1ZUeO6EtH/0GrRZEQ5Mci02uncw==,Barrio Logan,2025-09-25,3,3,6285179.3898557,1837240.7029749635
HxmmZar+k7T1ZUeO6EtH/0GrRZEQ5Mci02uncw==,Barrio Logan,2025-09-25,1,2,6285288.919071377,1837160.3010500749
HxmmZar+k7T1ZUeO6EtH/0GrRZEQ5Mci02uncw==,Barrio Logan,2025-09-25,1,3,6285048.694019248,1837059.332118535
HxmmZar+k7T1ZUeO6EtH/0GrRZEQ5Mci02uncw==,Barrio Logan,2025-09-25,2,3,6284711.958718908,1837002.5142817632
HxmmZar+k7T1ZUeO6EtH/0GrRZEQ5Mci02uncw==,Barrio Logan,2025-09-25,3,2,6284683.476364237,1836921.0631959531
HxmmZar+k7T1ZUeO6EtH/0GrRZEQ5Mci02uncw==,Barrio Logan,2025-09-25,3,3,6285052.946393892,1836849.5719932804
3Cp6LLgcF8OHkBKMI6bHgmmPZ/j1RNBoA60dzw==,Barrio Logan,2025-12-18,1,1,6284251.248255391,1837487.189581574
3Cp6LLgcF8OHkBKMI6bHgmmPZ/j1RNBoA60dzw==,Barrio Logan,2025-12-18,1,1,6284517.319498336,1837510.2009606757
3Cp6LLgcF8OHkBKMI6bHgmmPZ/j1RNBoA60dzw==,Barrio Logan,2025-12-18,6,2,6284373.0327620655,1837410.5261514941
3Cp6LLgcF8OHkBKMI6bHgmmPZ/j1RNBoA60dzw==,Barrio Logan,2025-12-18,5,3,6284612.902549649,1837443.5480318593
3Cp6LLgcF8OHkBKMI6bHgmmPZ/j1RNBoA60dzw==,Barrio Logan,2025-12-18,2,2,6284747.688697599,1837366.8708352693
3Cp6LLgcF8OHkBKMI6bHgmmPZ/j1RNBoA60dzw==,Barrio Logan,2025-12-18,2,1,6284478.829447555,1837320.5693052295
3Cp6LLgcF8OHkBKMI6bHgmmPZ/j1RNBoA60dzw==,Barrio Logan,2025-12-18,2,3,6284604.3928253725,1837217.2811848759
3Cp6LLgcF8OHkBKMI6bHgmmPZ/j1RNBoA60dzw==,Barrio Logan,2025-12-18,3,2,6284545.871851854,1837054.2914278414
3Cp6LLgcF8OHkBKMI6bHgmmPZ/j1RNBoA60dzw==,Barrio Logan,2025-12-18,2,3,6284761.125566547,1837017.4600635308
3Cp6LLgcF8OHkBKMI6bHgmmPZ/j1RNBoA60dzw==,Barrio Logan,2025-12-18,2,1,6285236.029348924,1837163.3710118276
3Cp6LLgcF8OHkBKMI6bHgmmPZ/j1RNBoA60dzw==,Barrio Logan,2025-12-18,1,3,6285347.240876586,1835981.9601792009
3Cp6LLgcF8OHkBKMI6bHgmmPZ/j1RNBoA60dzw==,Barrio Logan,2025-12-18,3,2,6285560.961678636,1835858.6131984172
3Cp6LLgcF8OHkBKMI6bHgmmPZ/j1RNBoA60dzw==,Barrio Logan,2025-12-18,1,1,6285461.5861684065,1835788.8391111763
3Cp6LLgcF8OHkBKMI6bHgmmPZ/j1RNBoA60dzw==,Barrio Logan,2025-12-18,1,1,6285847.858416825,1836633.6369938746
3Cp6LLgcF8OHkBKMI6bHgmmPZ/j1RNBoA60dzw==,Barrio Logan,2025-12-18,3,3,6286198.902731287,1836633.2652980932
3Cp6LLgcF8OHkBKMI6bHgmmPZ/j1RNBoA60dzw==,Barrio Logan,2025-12-18,2,2,6286377.793826268,1836463.368990082
A/HVjj8T/Yr2UhlUoxDxfSyEZbDh62E6Q16w+A==,gaslamp,2025-09-25,4,1,6281491.028138427,1841147.9783076607
A/HVjj8T/Yr2UhlUoxDxfSyEZbDh62E6Q16w+A==,gaslamp,2025-09-25,2,1,6281591.812122892,1841105.775955428
A/HVjj8T/Yr2UhlUoxDxfSyEZbDh62E6Q16w+A==,gaslamp,2025-09-25,4,1,6281655.904495941,1841221.4992602936
A/HVjj8T/Yr2UhlUoxDxfSyEZbDh62E6Q16w+A==,gaslamp,2025-09-25,1,1,6281772.369412861,1841216.7924605191
A/HVjj8T/Yr2UhlUoxDxfSyEZbDh62E6Q16w+A==,gaslamp,2025-09-25,3,1,6281766.21725928,1840905.2413082304
A/HVjj8T/Yr2UhlUoxDxfSyEZbDh62E6Q16w+A==,gaslamp,2025-09-25,1,1,6281655.195881039,1840752.3665291006
A/HVjj8T/Yr2UhlUoxDxfSyEZbDh62E6Q16w+A==,gaslamp,2025-09-25,2,1,6281490.702279019,1840932.245737842
A/HVjj8T/Yr2UhlUoxDxfSyEZbDh62E6Q16w+A==,gaslamp,2025-09-25,2,1,6281492.989569149,1840565.8115219648
A/HVjj8T/Yr2UhlUoxDxfSyEZbDh62E6Q16w+A==,gaslamp,2025-09-25,1,1,6281660.453214342,1840471.509196014
A/HVjj8T/Yr2UhlUoxDxfSyEZbDh62E6Q16w+A==,gaslamp,2025-09-25,1,1,6281657.0331748435,1840088.0159072832
A/HVjj8T/Yr2UhlUoxDxfSyEZbDh62E6Q16w+A==,gaslamp,2025-09-25,1,1,6281938.265829476,1840084.9192035354
A/HVjj8T/Yr2UhlUoxDxfSyEZbDh62E6Q16w+A==,gaslamp,2025-09-25,1,1,6281820.1943402365,1839966.3658890456
A/HVjj8T/Yr2UhlUoxDxfSyEZbDh62E6Q16w+A==,gaslamp,2025-09-25,2,1,6281767.299386839,1839740.9390166746
A/HVjj8T/Yr2UhlUoxDxfSyEZbDh62E6Q16w+A==,gaslamp,2025-09-25,1,1,6281936.328225379,1839742.5021929475
A/HVjj8T/Yr2UhlUoxDxfSyEZbDh62E6Q16w+A==,gaslamp,2025-09-25,5,1,6281650.736194859,1839680.583612853
A/HVjj8T/Yr2UhlUoxDxfSyEZbDh62E6Q16w+A==,gaslamp,2025-09-25,1,1,6281660.213250018,1839372.2847479722
A/HVjj8T/Yr2UhlUoxDxfSyEZbDh62E6Q16w+A==,gaslamp,2025-09-25,1,1,6281489.7536997935,1839363.8885586073
A/HVjj8T/Yr2UhlUoxDxfSyEZbDh62E6Q16w+A==,gaslamp,2025-09-25,1,1,6281937.184803822,1839369.2349639782
A/HVjj8T/Yr2UhlUoxDxfSyEZbDh62E6Q16w+A==,gaslamp,2025-09-25,3,1,6281770.226015808,1838857.415858616
A/HVjj8T/Yr2UhlUoxDxfSyEZbDh62E6Q16w+A==,gaslamp,2025-09-25,1,1,6281659.385670571,1838824.3925071629
A/HVjj8T/Yr2UhlUoxDxfSyEZbDh62E6Q16w+A==,gaslamp,2025-09-25,1,1,6281484.959844696,1839011.22984834
A/HVjj8T/Yr2UhlUoxDxfSyEZbDh62E6Q16w+A==,gaslamp,2025-09-25,3,1,6281575.278851037,1838623.2799985216
A/HVjj8T/Yr2UhlUoxDxfSyEZbDh62E6Q16w+A==,gaslamp,2025-09-25,2,1,6281656.02769953,1838481.991136493
A/HVjj8T/Yr2UhlUoxDxfSyEZbDh62E6Q16w+A==,gaslamp,2025-09-25,2,1,6281771.072249508,1838477.2999766364
A/HVjj8T/Yr2UhlUoxDxfSyEZbDh62E6Q16w+A==,gaslamp,2025-09-25,2,1,6281813.284985177,1838213.1576382094
A/HVjj8T/Yr2UhlUoxDxfSyEZbDh62E6Q16w+A==,gaslamp,2025-09-25,4,1,6281931.046132123,1838126.2513623957
/J5or9BuYjLNBjQd6ia3wxYWQBUmRFI9MUaq1A==,gaslamp,2025-12-18,3,1,6281650.968505691,1838479.0014415774
/J5or9BuYjLNBjQd6ia3wxYWQBUmRFI9MUaq1A==,gaslamp,2025-12-18,2,1,6281770.697058047,1838584.3552085413
/J5or9BuYjLNBjQd6ia3wxYWQBUmRFI9MUaq1A==,gaslamp,2025-12-18,2,1,6281940.839609924,1838879.2080783409
/J5or9BuYjLNBjQd6ia3wxYWQBUmRFI9MUaq1A==,gaslamp,2025-12-18,4,1,6281769.688257446,1838976.7778859586
/J5or9BuYjLNBjQd6ia3wxYWQBUmRFI9MUaq1A==,gaslamp,2025-12-18,2,1,6281653.609891162,1838975.7587579198
/J5or9BuYjLNBjQd6ia3wxYWQBUmRFI9MUaq1A==,gaslamp,2025-12-18,1,1,6281569.103060141,1839198.2406535745
/J5or9BuYjLNBjQd6ia3wxYWQBUmRFI9MUaq1A==,gaslamp,2025-12-18,1,1,6281848.606997328,1839191.6919120098
/J5or9BuYjLNBjQd6ia3wxYWQBUmRFI9MUaq1A==,gaslamp,2025-12-18,4,1,6281784.713000634,1839786.594568513
/J5or9BuYjLNBjQd6ia3wxYWQBUmRFI9MUaq1A==,gaslamp,2025-12-18,3,1,6281650.570024991,1839694.575412595
/J5or9BuYjLNBjQd6ia3wxYWQBUmRFI9MUaq1A==,gaslamp,2025-12-18,3,1,6281490.182909724,1839674.4759702417
/J5or9BuYjLNBjQd6ia3wxYWQBUmRFI9MUaq1A==,gaslamp,2025-12-18,1,1,6281502.674302843,1839970.1739546848
/J5or9BuYjLNBjQd6ia3wxYWQBUmRFI9MUaq1A==,gaslamp,2025-12-18,1,1,6281657.8555222405,1840135.942655587
/J5or9BuYjLNBjQd6ia3wxYWQBUmRFI9MUaq1A==,gaslamp,2025-12-18,3,1,6281768.613225068,1840070.7667351558
/J5or9BuYjLNBjQd6ia3wxYWQBUmRFI9MUaq1A==,gaslamp,2025-12-18,2,1,6281774.357887418,1840529.4399104803
/J5or9BuYjLNBjQd6ia3wxYWQBUmRFI9MUaq1A==,gaslamp,2025-12-18,2,1,6281655.846063752,1840458.8643564912
/J5or9BuYjLNBjQd6ia3wxYWQBUmRFI9MUaq1A==,gaslamp,2025-12-18,2,1,6281496.740498418,1840463.1262980518
/J5or9BuYjLNBjQd6ia3wxYWQBUmRFI9MUaq1A==,gaslamp,2025-12-18,2,1,6281649.6678492585,1840760.7860509618
/J5or9BuYjLNBjQd6ia3wxYWQBUmRFI9MUaq1A==,gaslamp,2025-12-18,2,1,6281774.407833761,1840751.721046561
/J5or9BuYjLNBjQd6ia3wxYWQBUmRFI9MUaq1A==,gaslamp,2025-12-18,1,1,6281932.325009666,1840938.43430446
/J5or9BuYjLNBjQd6ia3wxYWQBUmRFI9MUaq1A==,gaslamp,2025-12-18,1,1,6281486.795919732,1841139.9983892965
Cg6j3jHdQCSeC21reSG07SCOgQQN9XqDMA1kGA==,Sherman Heights,2025-09-25,2,2,6285711.853771231,1839791.783987524
Cg6j3jHdQCSeC21reSG07SCOgQQN9XqDMA1kGA==,Sherman Heights,2025-09-25,2,2,6285731.789394019,1839524.3982943317
Cg6j3jHdQCSeC21reSG07SCOgQQN9XqDMA1kGA==,Sherman Heights,2025-09-25,1,3,6285669.1330260215,1839398.7414992684
Cg6j3jHdQCSeC21reSG07SCOgQQN9XqDMA1kGA==,Sherman Heights,2025-09-25,2,1,6285778.779852772,1839393.1096287824
Cg6j3jHdQCSeC21reSG07SCOgQQN9XqDMA1kGA==,Sherman Heights,2025-09-25,1,2,6285661.004574696,1839131.4816198582
Cg6j3jHdQCSeC21reSG07SCOgQQN9XqDMA1kGA==,Sherman Heights,2025-09-25,2,3,6285775.899435972,1839138.6770065739
Cg6j3jHdQCSeC21reSG07SCOgQQN9XqDMA1kGA==,Sherman Heights,2025-09-25,4,1,6285736.408248993,1839030.90745837
J+om/Dx+IDJtc2PfDYXsMpqZukjW66TGmnninQ==,Sherman Heights,2025-12-18,3,1,6285705.63686072,1839971.0739343744
J+om/Dx+IDJtc2PfDYXsMpqZukjW66TGmnninQ==,Sherman Heights,2025-12-18,2,3,6285778.99954408,1839891.273753767
J+om/Dx+IDJtc2PfDYXsMpqZukjW66TGmnninQ==,Sherman Heights,2025-12-18,4,2,6285667.546627641,1839899.892740066
J+om/Dx+IDJtc2PfDYXsMpqZukjW66TGmnninQ==,Sherman Heights,2025-12-18,2,3,6285668.768743828,1839784.9350409757
J+om/Dx+IDJtc2PfDYXsMpqZukjW66TGmnninQ==,Sherman Heights,2025-12-18,1,1,6285780.082783428,1839789.3794295732
J+om/Dx+IDJtc2PfDYXsMpqZukjW66TGmnninQ==,Sherman Heights,2025-12-18,1,1,6285679.425415692,1839513.3446370992
J+om/Dx+IDJtc2PfDYXsMpqZukjW66TGmnninQ==,Sherman Heights,2025-12-18,1,3,6285759.861748457,1839498.9891249482
J+om/Dx+IDJtc2PfDYXsMpqZukjW66TGmnninQ==,Sherman Heights,2025-12-18,1,2,6285711.886318496,1839383.2220640264
J+om/Dx+IDJtc2PfDYXsMpqZukjW66TGmnninQ==,Sherman Heights,2025-12-18,2,2,6285657.670500167,1839123.6300852688
J+om/Dx+IDJtc2PfDYXsMpqZukjW66TGmnninQ==,Sherman Heights,2025-12-18,2,3,6285769.040090502,1839122.8491239077
J+om/Dx+IDJtc2PfDYXsMpqZukjW66TGmnninQ==,Sherman Heights,2025-12-18,2,3,6285765.194619093,1838997.3555289179
J+om/Dx+IDJtc2PfDYXsMpqZukjW66TGmnninQ==,Sherman Heights,2025-12-18,1,2,6285666.605099221,1839014.0255301103
