image_url,cx,cy,r,type,count
https://lh3.googleusercontent.com/d/16RCG99ggyCCcaoZxS6Wxk7Lk_sQZ4Wj-,1412,978,23.0,3,
https://lh3.googleusercontent.com/d/16RCG99ggyCCcaoZxS6Wxk7Lk_sQZ4Wj-,1406,927,20.0,1,
https://lh3.googleusercontent.com/d/16RCG99ggyCCcaoZxS6Wxk7Lk_sQZ4Wj-,1401,710,25.0,2,2
https://lh3.googleusercontent.com/d/16RCG99ggyCCcaoZxS6Wxk7Lk_sQZ4Wj-,1404,664,18.888,1,9
https://lh3.googleusercontent.com/d/16RCG99ggyCCcaoZxS6Wxk7Lk_sQZ4Wj-,1396,598,19.0,2,6
https://lh3.googleusercontent.com/d/16RCG99ggyCCcaoZxS6Wxk7Lk_sQZ4Wj-,1412,566,14.0,1,3
https://lh3.googleusercontent.com/d/16RCG99ggyCCcaoZxS6Wxk7Lk_sQZ4Wj-,1408,534,19.0,2,4
https://lh3.googleusercontent.com/d/16RCG99ggyCCcaoZxS6Wxk7Lk_sQZ4Wj-,1406,424,13.0,1,
https://lh3.googleusercontent.com/d/16RCG99ggyCCcaoZxS6Wxk7Lk_sQZ4Wj-,1403,328,17.0,1,3
https://lh3.googleusercontent.com/d/16RCG99ggyCCcaoZxS6Wxk7Lk_sQZ4Wj-,1330,981,18.0,3,
https://lh3.googleusercontent.com/d/16RCG99ggyCCcaoZxS6Wxk7Lk_sQZ4Wj-,1327,906,15.0,1,
https://lh3.googleusercontent.com/d/16RCG99ggyCCcaoZxS6Wxk7Lk_sQZ4Wj-,1328,853,17.0,2,
https://lh3.googleusercontent.com/d/16RCG99ggyCCcaoZxS6Wxk7Lk_sQZ4Wj-,1305,856,17.0,1,3
https://lh3.googleusercontent.com/d/16RCG99ggyCCcaoZxS6Wxk7Lk_sQZ4Wj-,1350,782,24.0,2,16
https://lh3.googleusercontent.com/d/16RCG99ggyCCcaoZxS6Wxk7Lk_sQZ4Wj-,1353,701,28.0,1,27
https://lh3.googleusercontent.com/d/16RCG99ggyCCcaoZxS6Wxk7Lk_sQZ4Wj-,1299,746,15.0,1,
https://lh3.googleusercontent.com/d/16RCG99ggyCCcaoZxS6Wxk7Lk_sQZ4Wj-,1312,660,15.0,3,
https://lh3.googleusercontent.com/d/16RCG99ggyCCcaoZxS6Wxk7Lk_sQZ4Wj-,1337,614,14.0,2,
https://lh3.googleusercontent.com/d/16RCG99ggyCCcaoZxS6Wxk7Lk_sQZ4Wj-,1312,614,16.0,1,7
https://lh3.googleusercontent.com/d/16RCG99ggyCCcaoZxS6Wxk7Lk_sQZ4Wj-,1301,568,13.0,1,2
https://lh3.googleusercontent.com/d/16RCG99ggyCCcaoZxS6Wxk7Lk_sQZ4Wj-,1354,558,18.0,1,16
https://lh3.googleusercontent.com/d/16RCG99ggyCCcaoZxS6Wxk7Lk_sQZ4Wj-,1317,493,18.0,1,2
https://lh3.googleusercontent.com/d/16RCG99ggyCCcaoZxS6Wxk7Lk_sQZ4Wj-,1353,428,18.0,1,
https://lh3.googleusercontent.com/d/16RCG99ggyCCcaoZxS6Wxk7Lk_sQZ4Wj-,1300,376,16.0,1,3
https://lh3.googleusercontent.com/d/16RCG99ggyCCcaoZxS6Wxk7Lk_sQZ4Wj-,1352,363,16.0,3,
https://lh3.googleusercontent.com/d/16RCG99ggyCCcaoZxS6Wxk7Lk_sQZ4Wj-,1357,330,22.0,1,2
https://lh3.googleusercontent.com/d/16RCG99ggyCCcaoZxS6Wxk7Lk_sQZ4Wj-,1298,333,14.0,2,
https://lh3.googleusercontent.com/d/16RCG99ggyCCcaoZxS6Wxk7Lk_sQZ4Wj-,1313,296,13.0,1,2
https://lh3.googleusercontent.com/d/16RCG99ggyCCcaoZxS6Wxk7Lk_sQZ4Wj-,1253,327,19.0,1,2
https://lh3.googleusercontent.com/d/16RCG99ggyCCcaoZxS6Wxk7Lk_sQZ4Wj-,1228,296,15.0,1,
https://lh3.googleusercontent.com/d/16RCG99ggyCCcaoZxS6Wxk7Lk_sQZ4Wj-,1196,312,17.0,2,
https://lh3.googleusercontent.com/d/16RCG99ggyCCcaoZxS6Wxk7Lk_sQZ4Wj-,1196,354,13.0,1,
https://lh3.googleusercontent.com/d/16RCG99ggyCCcaoZxS6Wxk7Lk_sQZ4Wj-,1235,375,15.0,1,
https://lh3.googleusercontent.com/d/16RCG99ggyCCcaoZxS6Wxk7Lk_sQZ4Wj-,1235,980,25.0,3,
https://lh3.googleusercontent.com/d/16RCG99ggyCCcaoZxS6Wxk7Lk_sQZ4Wj-,1202,916,23.0,1,6
https://lh3.googleusercontent.com/d/16RCG99ggyCCcaoZxS6Wxk7Lk_sQZ4Wj-,1146,915,18.0,1,3
https://lh3.googleusercontent.com/d/16RCG99ggyCCcaoZxS6Wxk7Lk_sQZ4Wj-,1068,913,23.0,1,4
https://lh3.googleusercontent.com/d/16RCG99ggyCCcaoZxS6Wxk7Lk_sQZ4Wj-,1034,911,18.0,2,2
https://lh3.googleusercontent.com/d/16RCG99ggyCCcaoZxS6Wxk7Lk_sQZ4Wj-,1038,979,21.0,2,
https://lh3.googleusercontent.com/d/16RCG99ggyCCcaoZxS6Wxk7Lk_sQZ4Wj-,1075,981,24.0,1,10
https://lh3.googleusercontent.com/d/16RCG99ggyCCcaoZxS6Wxk7Lk_sQZ4Wj-,1061,855,16.0,1,
https://lh3.googleusercontent.com/d/16RCG99ggyCCcaoZxS6Wxk7Lk_sQZ4Wj-,1027,811,18.0,1,2
https://lh3.googleusercontent.com/d/16RCG99ggyCCcaoZxS6Wxk7Lk_sQZ4Wj-,1248,779,21.0,1,6
https://lh3.googleusercontent.com/d/16RCG99ggyCCcaoZxS6Wxk7Lk_sQZ4Wj-,1242,711,24.0,2,2
https://lh3.googleusercontent.com/d/16RCG99ggyCCcaoZxS6Wxk7Lk_sQZ4Wj-,1054,668,17.0,1,2
https://lh3.googleusercontent.com/d/16RCG99ggyCCcaoZxS6Wxk7Lk_sQZ4Wj-,1064,611,19.0,1,5
https://lh3.googleusercontent.com/d/16RCG99ggyCCcaoZxS6Wxk7Lk_sQZ4Wj-,1195,585,16.0,1,3
https://lh3.googleusercontent.com/d/16RCG99ggyCCcaoZxS6Wxk7Lk_sQZ4Wj-,1251,578,16.0,2,
https://lh3.googleusercontent.com/d/16RCG99ggyCCcaoZxS6Wxk7Lk_sQZ4Wj-,1251,552,14.0,1,3
https://lh3.googleusercontent.com/d/16RCG99ggyCCcaoZxS6Wxk7Lk_sQZ4Wj-,1149,549,20.0,1,
https://lh3.googleusercontent.com/d/16RCG99ggyCCcaoZxS6Wxk7Lk_sQZ4Wj-,1206,488,17.0,1,2
https://lh3.googleusercontent.com/d/16RCG99ggyCCcaoZxS6Wxk7Lk_sQZ4Wj-,1254,455,17.0,1,
https://lh3.googleusercontent.com/d/16RCG99ggyCCcaoZxS6Wxk7Lk_sQZ4Wj-,1210,419,10.047,1,
https://lh3.googleusercontent.com/d/16RCG99ggyCCcaoZxS6Wxk7Lk_sQZ4Wj-,1027,437,23.0,2,
https://lh3.googleusercontent.com/d/16RCG99ggyCCcaoZxS6Wxk7Lk_sQZ4Wj-,1029,483,13.0,1,2
https://lh3.googleusercontent.com/d/16RCG99ggyCCcaoZxS6Wxk7Lk_sQZ4Wj-,1132,365,20.0,2,2
https://lh3.googleusercontent.com/d/16RCG99ggyCCcaoZxS6Wxk7Lk_sQZ4Wj-,1142,312,20.0,1,2
https://lh3.googleusercontent.com/d/16RCG99ggyCCcaoZxS6Wxk7Lk_sQZ4Wj-,1024,360,17.0,1,
https://lh3.googleusercontent.com/d/16RCG99ggyCCcaoZxS6Wxk7Lk_sQZ4Wj-,974,454,20.0,1,
https://lh3.googleusercontent.com/d/16RCG99ggyCCcaoZxS6Wxk7Lk_sQZ4Wj-,820,461,15.0,1,2
https://lh3.googleusercontent.com/d/16RCG99ggyCCcaoZxS6Wxk7Lk_sQZ4Wj-,874,600,14.0,1,2
https://lh3.googleusercontent.com/d/16RCG99ggyCCcaoZxS6Wxk7Lk_sQZ4Wj-,816,559,17.0,1,3
https://lh3.googleusercontent.com/d/16RCG99ggyCCcaoZxS6Wxk7Lk_sQZ4Wj-,966,701,22.0,1,2
https://lh3.googleusercontent.com/d/16RCG99ggyCCcaoZxS6Wxk7Lk_sQZ4Wj-,817,648,19.0,2,
https://lh3.googleusercontent.com/d/16RCG99ggyCCcaoZxS6Wxk7Lk_sQZ4Wj-,939,913,16.0,1,
https://lh3.googleusercontent.com/d/16RCG99ggyCCcaoZxS6Wxk7Lk_sQZ4Wj-,854,938,18.0,1,2
https://lh3.googleusercontent.com/d/16RCG99ggyCCcaoZxS6Wxk7Lk_sQZ4Wj-,643,914,16.0,1,
https://lh3.googleusercontent.com/d/16RCG99ggyCCcaoZxS6Wxk7Lk_sQZ4Wj-,763,821,21.0,2,
https://lh3.googleusercontent.com/d/16RCG99ggyCCcaoZxS6Wxk7Lk_sQZ4Wj-,383,893,21.0,1,
https://lh3.googleusercontent.com/d/16RCG99ggyCCcaoZxS6Wxk7Lk_sQZ4Wj-,604,746,14.0,1,
https://lh3.googleusercontent.com/d/16RCG99ggyCCcaoZxS6Wxk7Lk_sQZ4Wj-,749,730,16.0,1,
https://lh3.googleusercontent.com/d/16RCG99ggyCCcaoZxS6Wxk7Lk_sQZ4Wj-,314,635,15.0,1,
https://lh3.googleusercontent.com/d/16RCG99ggyCCcaoZxS6Wxk7Lk_sQZ4Wj-,761,594,28.0,1,32
https://lh3.googleusercontent.com/d/16RCG99ggyCCcaoZxS6Wxk7Lk_sQZ4Wj-,612,450,16.0,1,
https://lh3.googleusercontent.com/d/16RCG99ggyCCcaoZxS6Wxk7Lk_sQZ4Wj-,562,486,16.0,1,
https://lh3.googleusercontent.com/d/16RCG99ggyCCcaoZxS6Wxk7Lk_sQZ4Wj-,615,356,14.0,1,
https://lh3.googleusercontent.com/d/16RCG99ggyCCcaoZxS6Wxk7Lk_sQZ4Wj-,409,357,15.0,1,
https://lh3.googleusercontent.com/d/16RCG99ggyCCcaoZxS6Wxk7Lk_sQZ4Wj-,308,451,14.0,1,
https://lh3.googleusercontent.com/d/16RCG99ggyCCcaoZxS6Wxk7Lk_sQZ4Wj-,257,444,13.0,1,
https://lh3.googleusercontent.com/d/16RCG99ggyCCcaoZxS6Wxk7Lk_sQZ4Wj-,230,497,19.0,1,
https://lh3.googleusercontent.com/d/16RCG99ggyCCcaoZxS6Wxk7Lk_sQZ4Wj-,201,307,15.0,1,
https://lh3.googleusercontent.com/d/1SzTzmqgAEVAMVuGRAmzggP65cNrbv3tX,219,455,19.0,1,
https://lh3.googleusercontent.com/d/1SzTzmqgAEVAMVuGRAmzggP65cNrbv3tX,427,368,17.0,1,2
https://lh3.googleusercontent.com/d/1SzTzmqgAEVAMVuGRAmzggP65cNrbv3tX,375,458,19.0,1,
https://lh3.googleusercontent.com/d/1SzTzmqgAEVAMVuGRAmzggP65cNrbv3tX,265,818,17.0,1,
https://lh3.googleusercontent.com/d/1SzTzmqgAEVAMVuGRAmzggP65cNrbv3tX,273,853,14.0,1,
https://lh3.googleusercontent.com/d/1SzTzmqgAEVAMVuGRAmzggP65cNrbv3tX,326,850,16.0,1,
https://lh3.googleusercontent.com/d/1SzTzmqgAEVAMVuGRAmzggP65cNrbv3tX,316,908,16.0,1,
https://lh3.googleusercontent.com/d/1SzTzmqgAEVAMVuGRAmzggP65cNrbv3tX,1409,996,16.0,3,
https://lh3.googleusercontent.com/d/1SzTzmqgAEVAMVuGRAmzggP65cNrbv3tX,1404,961,12.0,1,3
https://lh3.googleusercontent.com/d/1SzTzmqgAEVAMVuGRAmzggP65cNrbv3tX,1404,929,19.0,2,2
https://lh3.googleusercontent.com/d/1SzTzmqgAEVAMVuGRAmzggP65cNrbv3tX,1357,928,15.0,1,
https://lh3.googleusercontent.com/d/1SzTzmqgAEVAMVuGRAmzggP65cNrbv3tX,1354,963,16.0,2,
https://lh3.googleusercontent.com/d/1SzTzmqgAEVAMVuGRAmzggP65cNrbv3tX,1351,991,17.0,3,3
https://lh3.googleusercontent.com/d/1SzTzmqgAEVAMVuGRAmzggP65cNrbv3tX,1144,996,12.0,1,
https://lh3.googleusercontent.com/d/1SzTzmqgAEVAMVuGRAmzggP65cNrbv3tX,1413,875,22.0,1,29
https://lh3.googleusercontent.com/d/1SzTzmqgAEVAMVuGRAmzggP65cNrbv3tX,1413,832,18.0,2,25
https://lh3.googleusercontent.com/d/1SzTzmqgAEVAMVuGRAmzggP65cNrbv3tX,1354,841,20.0,2,3
https://lh3.googleusercontent.com/d/1SzTzmqgAEVAMVuGRAmzggP65cNrbv3tX,1303,815,20.0,3,
https://lh3.googleusercontent.com/d/1SzTzmqgAEVAMVuGRAmzggP65cNrbv3tX,1357,777,21.0,1,6
https://lh3.googleusercontent.com/d/1SzTzmqgAEVAMVuGRAmzggP65cNrbv3tX,1302,766,21.0,2,3
https://lh3.googleusercontent.com/d/1SzTzmqgAEVAMVuGRAmzggP65cNrbv3tX,1299,726,16.0,1,3
https://lh3.googleusercontent.com/d/1SzTzmqgAEVAMVuGRAmzggP65cNrbv3tX,1341,686,15.0,2,
https://lh3.googleusercontent.com/d/1SzTzmqgAEVAMVuGRAmzggP65cNrbv3tX,1311,685,16.0,1,2
https://lh3.googleusercontent.com/d/1SzTzmqgAEVAMVuGRAmzggP65cNrbv3tX,1329,635,18.0,1,14
https://lh3.googleusercontent.com/d/1SzTzmqgAEVAMVuGRAmzggP65cNrbv3tX,1357,609,20.0,2,7
https://lh3.googleusercontent.com/d/1SzTzmqgAEVAMVuGRAmzggP65cNrbv3tX,1302,631,14.0,3,
https://lh3.googleusercontent.com/d/1SzTzmqgAEVAMVuGRAmzggP65cNrbv3tX,1304,595,14.0,2,2
https://lh3.googleusercontent.com/d/1SzTzmqgAEVAMVuGRAmzggP65cNrbv3tX,1251,617,22.0,2,2
https://lh3.googleusercontent.com/d/1SzTzmqgAEVAMVuGRAmzggP65cNrbv3tX,1417,598,14.0,1,2
https://lh3.googleusercontent.com/d/1SzTzmqgAEVAMVuGRAmzggP65cNrbv3tX,1403,567,22.0,2,10
https://lh3.googleusercontent.com/d/1SzTzmqgAEVAMVuGRAmzggP65cNrbv3tX,1302,568,12.973,1,9
https://lh3.googleusercontent.com/d/1SzTzmqgAEVAMVuGRAmzggP65cNrbv3tX,1201,582,16.0,1,7
https://lh3.googleusercontent.com/d/1SzTzmqgAEVAMVuGRAmzggP65cNrbv3tX,1151,571,12.0,1,
https://lh3.googleusercontent.com/d/1SzTzmqgAEVAMVuGRAmzggP65cNrbv3tX,1106,690,17.0,1,
https://lh3.googleusercontent.com/d/1SzTzmqgAEVAMVuGRAmzggP65cNrbv3tX,1063,633,19.0,1,
https://lh3.googleusercontent.com/d/1SzTzmqgAEVAMVuGRAmzggP65cNrbv3tX,1032,638,17.0,3,
https://lh3.googleusercontent.com/d/1SzTzmqgAEVAMVuGRAmzggP65cNrbv3tX,1056,993,20.0,1,4
https://lh3.googleusercontent.com/d/1SzTzmqgAEVAMVuGRAmzggP65cNrbv3tX,1028,945,19.0,1,8
https://lh3.googleusercontent.com/d/1SzTzmqgAEVAMVuGRAmzggP65cNrbv3tX,939,988,21.0,2,
https://lh3.googleusercontent.com/d/1SzTzmqgAEVAMVuGRAmzggP65cNrbv3tX,960,932,23.0,2,4
https://lh3.googleusercontent.com/d/1SzTzmqgAEVAMVuGRAmzggP65cNrbv3tX,974,854,19.0,3,
https://lh3.googleusercontent.com/d/1SzTzmqgAEVAMVuGRAmzggP65cNrbv3tX,973,828,20.0,2,
https://lh3.googleusercontent.com/d/1SzTzmqgAEVAMVuGRAmzggP65cNrbv3tX,977,788,23.0,1,9
https://lh3.googleusercontent.com/d/1SzTzmqgAEVAMVuGRAmzggP65cNrbv3tX,1032,846,20.0,1,9
https://lh3.googleusercontent.com/d/1SzTzmqgAEVAMVuGRAmzggP65cNrbv3tX,830,815,29.0,1,25
https://lh3.googleusercontent.com/d/1SzTzmqgAEVAMVuGRAmzggP65cNrbv3tX,896,687,16.0,2,2
https://lh3.googleusercontent.com/d/1SzTzmqgAEVAMVuGRAmzggP65cNrbv3tX,945,684,17.0,3,
https://lh3.googleusercontent.com/d/1SzTzmqgAEVAMVuGRAmzggP65cNrbv3tX,871,684,11.0,1,
https://lh3.googleusercontent.com/d/1SzTzmqgAEVAMVuGRAmzggP65cNrbv3tX,762,747,16.0,1,2
https://lh3.googleusercontent.com/d/1SzTzmqgAEVAMVuGRAmzggP65cNrbv3tX,827,579,16.0,1,
https://lh3.googleusercontent.com/d/1SzTzmqgAEVAMVuGRAmzggP65cNrbv3tX,881,573,16.0,1,
https://lh3.googleusercontent.com/d/1SzTzmqgAEVAMVuGRAmzggP65cNrbv3tX,880,484,19.0,3,
https://lh3.googleusercontent.com/d/1SzTzmqgAEVAMVuGRAmzggP65cNrbv3tX,879,453,17.0,1,
https://lh3.googleusercontent.com/d/1SzTzmqgAEVAMVuGRAmzggP65cNrbv3tX,926,453,14.0,1,
https://lh3.googleusercontent.com/d/1SzTzmqgAEVAMVuGRAmzggP65cNrbv3tX,975,450,18.0,1,3
https://lh3.googleusercontent.com/d/1SzTzmqgAEVAMVuGRAmzggP65cNrbv3tX,1405,487,17.0,2,
https://lh3.googleusercontent.com/d/1SzTzmqgAEVAMVuGRAmzggP65cNrbv3tX,1299,466,22.0,2,
https://lh3.googleusercontent.com/d/1SzTzmqgAEVAMVuGRAmzggP65cNrbv3tX,1202,512,24.0,2,2
https://lh3.googleusercontent.com/d/1SzTzmqgAEVAMVuGRAmzggP65cNrbv3tX,1201,466,15.0,1,6
https://lh3.googleusercontent.com/d/1SzTzmqgAEVAMVuGRAmzggP65cNrbv3tX,1332,517,15.0,1,2
https://lh3.googleusercontent.com/d/1SzTzmqgAEVAMVuGRAmzggP65cNrbv3tX,1306,377,19.0,2,2
https://lh3.googleusercontent.com/d/1SzTzmqgAEVAMVuGRAmzggP65cNrbv3tX,1250,373,18.0,2,
https://lh3.googleusercontent.com/d/1SzTzmqgAEVAMVuGRAmzggP65cNrbv3tX,1149,383,15.0,2,
https://lh3.googleusercontent.com/d/1SzTzmqgAEVAMVuGRAmzggP65cNrbv3tX,1202,326,22.0,2,2
https://lh3.googleusercontent.com/d/1SzTzmqgAEVAMVuGRAmzggP65cNrbv3tX,1244,328,15.0,1,2
https://lh3.googleusercontent.com/d/1SzTzmqgAEVAMVuGRAmzggP65cNrbv3tX,1301,338,14.0,1,4
https://lh3.googleusercontent.com/d/1SzTzmqgAEVAMVuGRAmzggP65cNrbv3tX,1353,341,16.0,2,
https://lh3.googleusercontent.com/d/1SzTzmqgAEVAMVuGRAmzggP65cNrbv3tX,780,446,15.0,1,
https://lh3.googleusercontent.com/d/1SzTzmqgAEVAMVuGRAmzggP65cNrbv3tX,744,520,16.0,1,
https://lh3.googleusercontent.com/d/1SzTzmqgAEVAMVuGRAmzggP65cNrbv3tX,676,450,14.0,1,
https://lh3.googleusercontent.com/d/1SzTzmqgAEVAMVuGRAmzggP65cNrbv3tX,573,464,18.0,1,
https://lh3.googleusercontent.com/d/1SzTzmqgAEVAMVuGRAmzggP65cNrbv3tX,671,370,18.0,1,2
https://lh3.googleusercontent.com/d/1SzTzmqgAEVAMVuGRAmzggP65cNrbv3tX,673,572,16.0,2,
https://lh3.googleusercontent.com/d/1SzTzmqgAEVAMVuGRAmzggP65cNrbv3tX,776,583,28.0,1,40
https://lh3.googleusercontent.com/d/1SzTzmqgAEVAMVuGRAmzggP65cNrbv3tX,756,655,13.0,1,8
https://lh3.googleusercontent.com/d/1SzTzmqgAEVAMVuGRAmzggP65cNrbv3tX,733,661,15.0,2,
https://lh3.googleusercontent.com/d/1SzTzmqgAEVAMVuGRAmzggP65cNrbv3tX,722,619,11.0,1,
https://lh3.googleusercontent.com/d/1SzTzmqgAEVAMVuGRAmzggP65cNrbv3tX,703,692,15.0,1,
https://lh3.googleusercontent.com/d/1SzTzmqgAEVAMVuGRAmzggP65cNrbv3tX,678,810,11.0,1,
https://lh3.googleusercontent.com/d/1SzTzmqgAEVAMVuGRAmzggP65cNrbv3tX,692,877,18.0,1,2
https://lh3.googleusercontent.com/d/1U2vvqDPn9O4lL1c2lLUYk8FNvUhon4cx,791,301,25.0,1,4
https://lh3.googleusercontent.com/d/1U2vvqDPn9O4lL1c2lLUYk8FNvUhon4cx,939,559,18.0,1,
https://lh3.googleusercontent.com/d/1U2vvqDPn9O4lL1c2lLUYk8FNvUhon4cx,1124,713,20.0,1,3
https://lh3.googleusercontent.com/d/1U2vvqDPn9O4lL1c2lLUYk8FNvUhon4cx,1301,630,23.0,1,
https://lh3.googleusercontent.com/d/1U2vvqDPn9O4lL1c2lLUYk8FNvUhon4cx,1408,724,22.0,1,3
https://lh3.googleusercontent.com/d/1U2vvqDPn9O4lL1c2lLUYk8FNvUhon4cx,1412,778,23.0,2,
https://lh3.googleusercontent.com/d/1U2vvqDPn9O4lL1c2lLUYk8FNvUhon4cx,1229,798,21.0,1,
https://lh3.googleusercontent.com/d/1U2vvqDPn9O4lL1c2lLUYk8FNvUhon4cx,1222,956,23.0,1,3
https://lh3.googleusercontent.com/d/1U2vvqDPn9O4lL1c2lLUYk8FNvUhon4cx,1134,911,21.0,2,
https://lh3.googleusercontent.com/d/1U2vvqDPn9O4lL1c2lLUYk8FNvUhon4cx,953,948,19.0,1,
https://lh3.googleusercontent.com/d/1U2vvqDPn9O4lL1c2lLUYk8FNvUhon4cx,844,781,19.0,1,2
https://lh3.googleusercontent.com/d/1U2vvqDPn9O4lL1c2lLUYk8FNvUhon4cx,790,713,21.0,1,
https://lh3.googleusercontent.com/d/1U2vvqDPn9O4lL1c2lLUYk8FNvUhon4cx,735,723,19.0,1,
https://lh3.googleusercontent.com/d/1U2vvqDPn9O4lL1c2lLUYk8FNvUhon4cx,614,712,16.0,1,
https://lh3.googleusercontent.com/d/1U2vvqDPn9O4lL1c2lLUYk8FNvUhon4cx,575,633,18.0,1,
https://lh3.googleusercontent.com/d/1U2vvqDPn9O4lL1c2lLUYk8FNvUhon4cx,496,713,21.0,1,
https://lh3.googleusercontent.com/d/1U2vvqDPn9O4lL1c2lLUYk8FNvUhon4cx,494,809,22.0,1,2
https://lh3.googleusercontent.com/d/1U2vvqDPn9O4lL1c2lLUYk8FNvUhon4cx,497,868,18.0,1,
https://lh3.googleusercontent.com/d/1U2vvqDPn9O4lL1c2lLUYk8FNvUhon4cx,604,864,17.0,1,
https://lh3.googleusercontent.com/d/1U2vvqDPn9O4lL1c2lLUYk8FNvUhon4cx,604,962,15.0,1,
https://lh3.googleusercontent.com/d/1U2vvqDPn9O4lL1c2lLUYk8FNvUhon4cx,359,901,20.0,1,
https://lh3.googleusercontent.com/d/1U2vvqDPn9O4lL1c2lLUYk8FNvUhon4cx,393,960,16.0,1,
https://lh3.googleusercontent.com/d/1U2vvqDPn9O4lL1c2lLUYk8FNvUhon4cx,415,900,23.0,1,3
https://lh3.googleusercontent.com/d/1U2vvqDPn9O4lL1c2lLUYk8FNvUhon4cx,278,807,21.0,1,
https://lh3.googleusercontent.com/d/1U2vvqDPn9O4lL1c2lLUYk8FNvUhon4cx,245,747,20.0,1,
https://lh3.googleusercontent.com/d/1U2vvqDPn9O4lL1c2lLUYk8FNvUhon4cx,281,714,18.0,2,
https://lh3.googleusercontent.com/d/1U2vvqDPn9O4lL1c2lLUYk8FNvUhon4cx,309,714,18.0,1,2
https://lh3.googleusercontent.com/d/1U2vvqDPn9O4lL1c2lLUYk8FNvUhon4cx,200,595,19.0,2,
https://lh3.googleusercontent.com/d/1U2vvqDPn9O4lL1c2lLUYk8FNvUhon4cx,256,560,23.0,1,18
https://lh3.googleusercontent.com/d/1U2vvqDPn9O4lL1c2lLUYk8FNvUhon4cx,258,602,19.0,3,3
https://lh3.googleusercontent.com/d/1U2vvqDPn9O4lL1c2lLUYk8FNvUhon4cx,254,637,21.0,2,8
https://lh3.googleusercontent.com/d/1U2vvqDPn9O4lL1c2lLUYk8FNvUhon4cx,292,651,25.0,2,3
https://lh3.googleusercontent.com/d/1U2vvqDPn9O4lL1c2lLUYk8FNvUhon4cx,307,605,18.0,1,8
https://lh3.googleusercontent.com/d/1U2vvqDPn9O4lL1c2lLUYk8FNvUhon4cx,360,599,23.0,1,9
https://lh3.googleusercontent.com/d/1U2vvqDPn9O4lL1c2lLUYk8FNvUhon4cx,393,555,19.0,1,5
https://lh3.googleusercontent.com/d/1U2vvqDPn9O4lL1c2lLUYk8FNvUhon4cx,420,618,18.0,1,6
https://lh3.googleusercontent.com/d/1U2vvqDPn9O4lL1c2lLUYk8FNvUhon4cx,363,628,19.67,2,
https://lh3.googleusercontent.com/d/1U2vvqDPn9O4lL1c2lLUYk8FNvUhon4cx,398,658,23.0,2,
https://lh3.googleusercontent.com/d/1Oxmyx8SES-vS7sPlrri3mJ1uyQ2FWJ9o,163,933,20.0,1,
https://lh3.googleusercontent.com/d/1Oxmyx8SES-vS7sPlrri3mJ1uyQ2FWJ9o,163,788,15.0,1,
https://lh3.googleusercontent.com/d/1Oxmyx8SES-vS7sPlrri3mJ1uyQ2FWJ9o,268,856,18.0,1,
https://lh3.googleusercontent.com/d/1Oxmyx8SES-vS7sPlrri3mJ1uyQ2FWJ9o,436,862,21.0,1,
https://lh3.googleusercontent.com/d/1Oxmyx8SES-vS7sPlrri3mJ1uyQ2FWJ9o,485,937,21.0,1,
https://lh3.googleusercontent.com/d/1Oxmyx8SES-vS7sPlrri3mJ1uyQ2FWJ9o,695,937,21.0,1,
https://lh3.googleusercontent.com/d/1Oxmyx8SES-vS7sPlrri3mJ1uyQ2FWJ9o,839,945,19.0,1,
https://lh3.googleusercontent.com/d/1Oxmyx8SES-vS7sPlrri3mJ1uyQ2FWJ9o,645,740,21.0,3,
https://lh3.googleusercontent.com/d/1Oxmyx8SES-vS7sPlrri3mJ1uyQ2FWJ9o,754,735,20.0,1,
https://lh3.googleusercontent.com/d/1Oxmyx8SES-vS7sPlrri3mJ1uyQ2FWJ9o,803,711,17.0,1,
https://lh3.googleusercontent.com/d/1Oxmyx8SES-vS7sPlrri3mJ1uyQ2FWJ9o,909,742,20.0,1,2
https://lh3.googleusercontent.com/d/1Oxmyx8SES-vS7sPlrri3mJ1uyQ2FWJ9o,273,766,20.0,2,8
https://lh3.googleusercontent.com/d/1Oxmyx8SES-vS7sPlrri3mJ1uyQ2FWJ9o,285,798,23.0,1,12
https://lh3.googleusercontent.com/d/1Oxmyx8SES-vS7sPlrri3mJ1uyQ2FWJ9o,327,797,22.0,2,3
https://lh3.googleusercontent.com/d/1Oxmyx8SES-vS7sPlrri3mJ1uyQ2FWJ9o,394,794,28.0,2,11
https://lh3.googleusercontent.com/d/1Oxmyx8SES-vS7sPlrri3mJ1uyQ2FWJ9o,435,798,21.0,3,
https://lh3.googleusercontent.com/d/1Oxmyx8SES-vS7sPlrri3mJ1uyQ2FWJ9o,273,721,21.0,1,8
https://lh3.googleusercontent.com/d/1Oxmyx8SES-vS7sPlrri3mJ1uyQ2FWJ9o,317,699,25.0,1,6
https://lh3.googleusercontent.com/d/1Oxmyx8SES-vS7sPlrri3mJ1uyQ2FWJ9o,431,710,23.0,2,3
https://lh3.googleusercontent.com/d/1Oxmyx8SES-vS7sPlrri3mJ1uyQ2FWJ9o,479,703,19.0,1,
https://lh3.googleusercontent.com/d/1Oxmyx8SES-vS7sPlrri3mJ1uyQ2FWJ9o,275,630,23.0,2,4
https://lh3.googleusercontent.com/d/1Oxmyx8SES-vS7sPlrri3mJ1uyQ2FWJ9o,326,577,22.0,2,4
https://lh3.googleusercontent.com/d/1Oxmyx8SES-vS7sPlrri3mJ1uyQ2FWJ9o,381,550,24.0,2,3
https://lh3.googleusercontent.com/d/1Oxmyx8SES-vS7sPlrri3mJ1uyQ2FWJ9o,329,637,19.0,1,9
https://lh3.googleusercontent.com/d/1Oxmyx8SES-vS7sPlrri3mJ1uyQ2FWJ9o,382,591,20.0,1,2
https://lh3.googleusercontent.com/d/1Oxmyx8SES-vS7sPlrri3mJ1uyQ2FWJ9o,487,641,21.0,1,
https://lh3.googleusercontent.com/d/1Oxmyx8SES-vS7sPlrri3mJ1uyQ2FWJ9o,603,548,19.0,2,
https://lh3.googleusercontent.com/d/1Oxmyx8SES-vS7sPlrri3mJ1uyQ2FWJ9o,635,552,18.0,1,2
https://lh3.googleusercontent.com/d/1Oxmyx8SES-vS7sPlrri3mJ1uyQ2FWJ9o,752,549,12.0,1,
https://lh3.googleusercontent.com/d/1Oxmyx8SES-vS7sPlrri3mJ1uyQ2FWJ9o,757,637,13.0,1,
https://lh3.googleusercontent.com/d/1Oxmyx8SES-vS7sPlrri3mJ1uyQ2FWJ9o,801,556,16.0,1,2
https://lh3.googleusercontent.com/d/1Oxmyx8SES-vS7sPlrri3mJ1uyQ2FWJ9o,803,487,19.0,1,2
https://lh3.googleusercontent.com/d/1Oxmyx8SES-vS7sPlrri3mJ1uyQ2FWJ9o,858,488,19.0,2,
https://lh3.googleusercontent.com/d/1Oxmyx8SES-vS7sPlrri3mJ1uyQ2FWJ9o,804,405,20.0,1,7
https://lh3.googleusercontent.com/d/1Oxmyx8SES-vS7sPlrri3mJ1uyQ2FWJ9o,861,426,17.0,1,
https://lh3.googleusercontent.com/d/1Oxmyx8SES-vS7sPlrri3mJ1uyQ2FWJ9o,908,431,20.0,1,
https://lh3.googleusercontent.com/d/1Oxmyx8SES-vS7sPlrri3mJ1uyQ2FWJ9o,970,287,16.0,1,
https://lh3.googleusercontent.com/d/1Oxmyx8SES-vS7sPlrri3mJ1uyQ2FWJ9o,800,253,16.0,1,
https://lh3.googleusercontent.com/d/1Oxmyx8SES-vS7sPlrri3mJ1uyQ2FWJ9o,1253,719,29.0,3,
https://lh3.googleusercontent.com/d/1Oxmyx8SES-vS7sPlrri3mJ1uyQ2FWJ9o,1257,761,19.0,1,
https://lh3.googleusercontent.com/d/1Oxmyx8SES-vS7sPlrri3mJ1uyQ2FWJ9o,1407,719,24.0,3,
https://lh3.googleusercontent.com/d/1Oxmyx8SES-vS7sPlrri3mJ1uyQ2FWJ9o,1359,711,24.0,2,
https://lh3.googleusercontent.com/d/1Oxmyx8SES-vS7sPlrri3mJ1uyQ2FWJ9o,1310,796,25.0,1,2
https://lh3.googleusercontent.com/d/1Oxmyx8SES-vS7sPlrri3mJ1uyQ2FWJ9o,1304,866,18.0,1,2
https://lh3.googleusercontent.com/d/1Oxmyx8SES-vS7sPlrri3mJ1uyQ2FWJ9o,1254,881,16.0,1,2
https://lh3.googleusercontent.com/d/1Oxmyx8SES-vS7sPlrri3mJ1uyQ2FWJ9o,1363,894,29.0,1,2
https://lh3.googleusercontent.com/d/1Oxmyx8SES-vS7sPlrri3mJ1uyQ2FWJ9o,1351,950,21.0,1,3
https://lh3.googleusercontent.com/d/1Oxmyx8SES-vS7sPlrri3mJ1uyQ2FWJ9o,1312,939,24.0,2,4
https://lh3.googleusercontent.com/d/1Oxmyx8SES-vS7sPlrri3mJ1uyQ2FWJ9o,1108,947,25.0,1,3
https://lh3.googleusercontent.com/d/1zF_1dWgmpc94glqYaglQ9XGMJCaW5WLF,513,253,17.0,1,2
https://lh3.googleusercontent.com/d/1zF_1dWgmpc94glqYaglQ9XGMJCaW5WLF,596,261,24.0,2,2
https://lh3.googleusercontent.com/d/1zF_1dWgmpc94glqYaglQ9XGMJCaW5WLF,519,350,27.0,1,17
https://lh3.googleusercontent.com/d/1zF_1dWgmpc94glqYaglQ9XGMJCaW5WLF,504,424,16.0,1,
https://lh3.googleusercontent.com/d/1zF_1dWgmpc94glqYaglQ9XGMJCaW5WLF,631,344,19.0,2,5
https://lh3.googleusercontent.com/d/1zF_1dWgmpc94glqYaglQ9XGMJCaW5WLF,631,412,23.0,1,3
https://lh3.googleusercontent.com/d/1zF_1dWgmpc94glqYaglQ9XGMJCaW5WLF,546,459,18.0,1,2
https://lh3.googleusercontent.com/d/1zF_1dWgmpc94glqYaglQ9XGMJCaW5WLF,708,452,15.0,1,2
https://lh3.googleusercontent.com/d/1zF_1dWgmpc94glqYaglQ9XGMJCaW5WLF,684,320,13.0,1,
https://lh3.googleusercontent.com/d/1zF_1dWgmpc94glqYaglQ9XGMJCaW5WLF,781,458,16.0,1,4
https://lh3.googleusercontent.com/d/1zF_1dWgmpc94glqYaglQ9XGMJCaW5WLF,684,255,14.0,1,
https://lh3.googleusercontent.com/d/1zF_1dWgmpc94glqYaglQ9XGMJCaW5WLF,737,257,13.0,1,
https://lh3.googleusercontent.com/d/1zF_1dWgmpc94glqYaglQ9XGMJCaW5WLF,805,249,12.0,1,
https://lh3.googleusercontent.com/d/1zF_1dWgmpc94glqYaglQ9XGMJCaW5WLF,831,271,12.0,1,
https://lh3.googleusercontent.com/d/1zF_1dWgmpc94glqYaglQ9XGMJCaW5WLF,787,292,12.0,1,
https://lh3.googleusercontent.com/d/1zF_1dWgmpc94glqYaglQ9XGMJCaW5WLF,891,330,18.0,1,3
https://lh3.googleusercontent.com/d/1zF_1dWgmpc94glqYaglQ9XGMJCaW5WLF,827,423,13.0,1,
https://lh3.googleusercontent.com/d/1zF_1dWgmpc94glqYaglQ9XGMJCaW5WLF,870,447,17.0,1,3
https://lh3.googleusercontent.com/d/1zF_1dWgmpc94glqYaglQ9XGMJCaW5WLF,921,425,13.0,1,
https://lh3.googleusercontent.com/d/1zF_1dWgmpc94glqYaglQ9XGMJCaW5WLF,966,438,14.0,1,6
https://lh3.googleusercontent.com/d/1zF_1dWgmpc94glqYaglQ9XGMJCaW5WLF,988,383,14.0,1,2
https://lh3.googleusercontent.com/d/1zF_1dWgmpc94glqYaglQ9XGMJCaW5WLF,1151,391,13.0,1,
https://lh3.googleusercontent.com/d/1zF_1dWgmpc94glqYaglQ9XGMJCaW5WLF,1152,329,12.0,1,
https://lh3.googleusercontent.com/d/1zF_1dWgmpc94glqYaglQ9XGMJCaW5WLF,1170,255,20.0,2,
https://lh3.googleusercontent.com/d/1zF_1dWgmpc94glqYaglQ9XGMJCaW5WLF,1249,331,13.0,1,
https://lh3.googleusercontent.com/d/1zF_1dWgmpc94glqYaglQ9XGMJCaW5WLF,1381,316,12.0,1,
https://lh3.googleusercontent.com/d/1zF_1dWgmpc94glqYaglQ9XGMJCaW5WLF,1427,327,12.0,1,
https://lh3.googleusercontent.com/d/1zF_1dWgmpc94glqYaglQ9XGMJCaW5WLF,1476,257,13.0,1,
https://lh3.googleusercontent.com/d/1zF_1dWgmpc94glqYaglQ9XGMJCaW5WLF,1448,386,17.0,1,2
https://lh3.googleusercontent.com/d/1zF_1dWgmpc94glqYaglQ9XGMJCaW5WLF,1455,590,16.0,1,3
https://lh3.googleusercontent.com/d/1zF_1dWgmpc94glqYaglQ9XGMJCaW5WLF,1351,588,15.0,1,3
https://lh3.googleusercontent.com/d/1zF_1dWgmpc94glqYaglQ9XGMJCaW5WLF,1440,645,14.0,1,2
https://lh3.googleusercontent.com/d/1zF_1dWgmpc94glqYaglQ9XGMJCaW5WLF,1263,645,17.0,1,2
https://lh3.googleusercontent.com/d/1zF_1dWgmpc94glqYaglQ9XGMJCaW5WLF,1184,641,13.0,1,2
https://lh3.googleusercontent.com/d/1zF_1dWgmpc94glqYaglQ9XGMJCaW5WLF,1144,655,11.0,1,
https://lh3.googleusercontent.com/d/1zF_1dWgmpc94glqYaglQ9XGMJCaW5WLF,1145,696,15.0,2,
https://lh3.googleusercontent.com/d/1zF_1dWgmpc94glqYaglQ9XGMJCaW5WLF,1078,718,12.0,1,
https://lh3.googleusercontent.com/d/1zF_1dWgmpc94glqYaglQ9XGMJCaW5WLF,1186,717,17.0,1,8
https://lh3.googleusercontent.com/d/1zF_1dWgmpc94glqYaglQ9XGMJCaW5WLF,962,511,14.0,1,
https://lh3.googleusercontent.com/d/1zF_1dWgmpc94glqYaglQ9XGMJCaW5WLF,1008,577,13.0,1,
https://lh3.googleusercontent.com/d/1zF_1dWgmpc94glqYaglQ9XGMJCaW5WLF,962,583,13.0,1,
https://lh3.googleusercontent.com/d/1zF_1dWgmpc94glqYaglQ9XGMJCaW5WLF,824,551,20.0,1,8
https://lh3.googleusercontent.com/d/1zF_1dWgmpc94glqYaglQ9XGMJCaW5WLF,796,509,15.0,1,2
https://lh3.googleusercontent.com/d/1zF_1dWgmpc94glqYaglQ9XGMJCaW5WLF,507,664,14.0,1,
https://lh3.googleusercontent.com/d/1zF_1dWgmpc94glqYaglQ9XGMJCaW5WLF,506,826,17.0,1,
https://lh3.googleusercontent.com/d/1zF_1dWgmpc94glqYaglQ9XGMJCaW5WLF,501,944,16.0,1,
https://lh3.googleusercontent.com/d/1zF_1dWgmpc94glqYaglQ9XGMJCaW5WLF,452,903,13.0,1,
https://lh3.googleusercontent.com/d/1zF_1dWgmpc94glqYaglQ9XGMJCaW5WLF,1080,254,12.0,1,
https://lh3.googleusercontent.com/d/1zF_1dWgmpc94glqYaglQ9XGMJCaW5WLF,1429,199,19.0,1,5
https://lh3.googleusercontent.com/d/1fKihZ6vv9-GcKNPJhOw_cznUBvlVOBC5,345,808,20.0,1,3
https://lh3.googleusercontent.com/d/1fKihZ6vv9-GcKNPJhOw_cznUBvlVOBC5,343,709,22.0,2,3
https://lh3.googleusercontent.com/d/1fKihZ6vv9-GcKNPJhOw_cznUBvlVOBC5,340,666,14.0,1,2
https://lh3.googleusercontent.com/d/1fKihZ6vv9-GcKNPJhOw_cznUBvlVOBC5,516,535,17.0,1,
https://lh3.googleusercontent.com/d/1fKihZ6vv9-GcKNPJhOw_cznUBvlVOBC5,557,598,14.0,1,
https://lh3.googleusercontent.com/d/1fKihZ6vv9-GcKNPJhOw_cznUBvlVOBC5,630,525,17.0,1,2
https://lh3.googleusercontent.com/d/1fKihZ6vv9-GcKNPJhOw_cznUBvlVOBC5,742,530,16.0,1,2
https://lh3.googleusercontent.com/d/1fKihZ6vv9-GcKNPJhOw_cznUBvlVOBC5,659,556,13.0,1,
https://lh3.googleusercontent.com/d/1fKihZ6vv9-GcKNPJhOw_cznUBvlVOBC5,635,590,14.0,1,
https://lh3.googleusercontent.com/d/1fKihZ6vv9-GcKNPJhOw_cznUBvlVOBC5,835,535,16.0,1,
https://lh3.googleusercontent.com/d/1fKihZ6vv9-GcKNPJhOw_cznUBvlVOBC5,708,664,14.0,1,
https://lh3.googleusercontent.com/d/1fKihZ6vv9-GcKNPJhOw_cznUBvlVOBC5,974,553,19.0,1,4
https://lh3.googleusercontent.com/d/1fKihZ6vv9-GcKNPJhOw_cznUBvlVOBC5,1062,560,21.0,1,4
https://lh3.googleusercontent.com/d/1fKihZ6vv9-GcKNPJhOw_cznUBvlVOBC5,1013,603,18.0,1,
https://lh3.googleusercontent.com/d/1fKihZ6vv9-GcKNPJhOw_cznUBvlVOBC5,1087,604,14.0,1,
https://lh3.googleusercontent.com/d/1fKihZ6vv9-GcKNPJhOw_cznUBvlVOBC5,1086,725,16.0,1,
https://lh3.googleusercontent.com/d/1fKihZ6vv9-GcKNPJhOw_cznUBvlVOBC5,1189,603,16.0,1,2
https://lh3.googleusercontent.com/d/1fKihZ6vv9-GcKNPJhOw_cznUBvlVOBC5,1245,565,16.0,1,2
https://lh3.googleusercontent.com/d/1fKihZ6vv9-GcKNPJhOw_cznUBvlVOBC5,1177,723,18.0,1,3
https://lh3.googleusercontent.com/d/1fKihZ6vv9-GcKNPJhOw_cznUBvlVOBC5,1293,696,15.0,1,2
https://lh3.googleusercontent.com/d/1fKihZ6vv9-GcKNPJhOw_cznUBvlVOBC5,1333,567,12.0,1,
https://lh3.googleusercontent.com/d/1fKihZ6vv9-GcKNPJhOw_cznUBvlVOBC5,1375,526,16.0,1,
https://lh3.googleusercontent.com/d/1fKihZ6vv9-GcKNPJhOw_cznUBvlVOBC5,1451,607,13.0,1,
https://lh3.googleusercontent.com/d/1fKihZ6vv9-GcKNPJhOw_cznUBvlVOBC5,1485,584,12.0,1,
https://lh3.googleusercontent.com/d/1fKihZ6vv9-GcKNPJhOw_cznUBvlVOBC5,1461,527,16.0,1,7
https://lh3.googleusercontent.com/d/1fKihZ6vv9-GcKNPJhOw_cznUBvlVOBC5,1426,557,16.0,1,5
https://lh3.googleusercontent.com/d/1fKihZ6vv9-GcKNPJhOw_cznUBvlVOBC5,1480,455,15.0,1,
https://lh3.googleusercontent.com/d/1fKihZ6vv9-GcKNPJhOw_cznUBvlVOBC5,1449,397,19.0,3,
https://lh3.googleusercontent.com/d/1fKihZ6vv9-GcKNPJhOw_cznUBvlVOBC5,1429,426,17.0,1,3
https://lh3.googleusercontent.com/d/1fKihZ6vv9-GcKNPJhOw_cznUBvlVOBC5,1383,449,13.0,1,
https://lh3.googleusercontent.com/d/1fKihZ6vv9-GcKNPJhOw_cznUBvlVOBC5,1294,435,12.0,1,
https://lh3.googleusercontent.com/d/1fKihZ6vv9-GcKNPJhOw_cznUBvlVOBC5,1244,434,14.0,1,
https://lh3.googleusercontent.com/d/1fKihZ6vv9-GcKNPJhOw_cznUBvlVOBC5,1200,464,14.0,1,
https://lh3.googleusercontent.com/d/1fKihZ6vv9-GcKNPJhOw_cznUBvlVOBC5,1110,440,22.0,1,4
https://lh3.googleusercontent.com/d/1fKihZ6vv9-GcKNPJhOw_cznUBvlVOBC5,1082,479,16.0,1,2
https://lh3.googleusercontent.com/d/1fKihZ6vv9-GcKNPJhOw_cznUBvlVOBC5,1091,396,14.0,1,
https://lh3.googleusercontent.com/d/1fKihZ6vv9-GcKNPJhOw_cznUBvlVOBC5,1059,413,18.0,1,4
https://lh3.googleusercontent.com/d/1fKihZ6vv9-GcKNPJhOw_cznUBvlVOBC5,1021,440,18.0,1,4
https://lh3.googleusercontent.com/d/1fKihZ6vv9-GcKNPJhOw_cznUBvlVOBC5,1001,395,13.0,1,
https://lh3.googleusercontent.com/d/1fKihZ6vv9-GcKNPJhOw_cznUBvlVOBC5,993,477,12.0,1,
https://lh3.googleusercontent.com/d/1fKihZ6vv9-GcKNPJhOw_cznUBvlVOBC5,978,425,23.0,1,13
https://lh3.googleusercontent.com/d/1fKihZ6vv9-GcKNPJhOw_cznUBvlVOBC5,898,474,16.0,1,2
https://lh3.googleusercontent.com/d/1fKihZ6vv9-GcKNPJhOw_cznUBvlVOBC5,933,402,14.0,1,
https://lh3.googleusercontent.com/d/1fKihZ6vv9-GcKNPJhOw_cznUBvlVOBC5,839,451,14.0,3,
https://lh3.googleusercontent.com/d/1fKihZ6vv9-GcKNPJhOw_cznUBvlVOBC5,839,420,19.0,1,5
https://lh3.googleusercontent.com/d/1fKihZ6vv9-GcKNPJhOw_cznUBvlVOBC5,803,478,15.0,1,6
https://lh3.googleusercontent.com/d/1fKihZ6vv9-GcKNPJhOw_cznUBvlVOBC5,750,455,13.0,1,
https://lh3.googleusercontent.com/d/1fKihZ6vv9-GcKNPJhOw_cznUBvlVOBC5,701,429,18.0,1,4
https://lh3.googleusercontent.com/d/1fKihZ6vv9-GcKNPJhOw_cznUBvlVOBC5,800,344,14.0,1,2
https://lh3.googleusercontent.com/d/1fKihZ6vv9-GcKNPJhOw_cznUBvlVOBC5,931,345,10.0,1,
https://lh3.googleusercontent.com/d/1fKihZ6vv9-GcKNPJhOw_cznUBvlVOBC5,975,309,16.0,3,
https://lh3.googleusercontent.com/d/1fKihZ6vv9-GcKNPJhOw_cznUBvlVOBC5,701,296,17.0,1,2
https://lh3.googleusercontent.com/d/1fKihZ6vv9-GcKNPJhOw_cznUBvlVOBC5,538,332,34.0,1,44
https://lh3.googleusercontent.com/d/1fKihZ6vv9-GcKNPJhOw_cznUBvlVOBC5,532,410,25.0,2,10
https://lh3.googleusercontent.com/d/1fKihZ6vv9-GcKNPJhOw_cznUBvlVOBC5,468,402,16.0,1,3
https://lh3.googleusercontent.com/d/1fKihZ6vv9-GcKNPJhOw_cznUBvlVOBC5,475,475,14.0,1,
https://lh3.googleusercontent.com/d/1fKihZ6vv9-GcKNPJhOw_cznUBvlVOBC5,433,405,21.0,2,2
https://lh3.googleusercontent.com/d/1fKihZ6vv9-GcKNPJhOw_cznUBvlVOBC5,1480,276,18.0,1,
https://lh3.googleusercontent.com/d/1icnOxg4QU7YsCLJXs7vx1HbVWA5vOOUp,477,432,16.0,1,
https://lh3.googleusercontent.com/d/1icnOxg4QU7YsCLJXs7vx1HbVWA5vOOUp,565,375,20.0,3,
https://lh3.googleusercontent.com/d/1icnOxg4QU7YsCLJXs7vx1HbVWA5vOOUp,594,513,15.0,1,
https://lh3.googleusercontent.com/d/1icnOxg4QU7YsCLJXs7vx1HbVWA5vOOUp,642,512,16.0,1,
https://lh3.googleusercontent.com/d/1icnOxg4QU7YsCLJXs7vx1HbVWA5vOOUp,440,584,13.0,1,
https://lh3.googleusercontent.com/d/1icnOxg4QU7YsCLJXs7vx1HbVWA5vOOUp,583,579,14.0,1,
https://lh3.googleusercontent.com/d/1icnOxg4QU7YsCLJXs7vx1HbVWA5vOOUp,572,668,12.0,1,
https://lh3.googleusercontent.com/d/1icnOxg4QU7YsCLJXs7vx1HbVWA5vOOUp,741,435,13.745,1,
https://lh3.googleusercontent.com/d/1icnOxg4QU7YsCLJXs7vx1HbVWA5vOOUp,870,374,19.0,1,4
https://lh3.googleusercontent.com/d/1icnOxg4QU7YsCLJXs7vx1HbVWA5vOOUp,745,501,12.0,2,
https://lh3.googleusercontent.com/d/1icnOxg4QU7YsCLJXs7vx1HbVWA5vOOUp,791,492,14.0,2,
https://lh3.googleusercontent.com/d/1icnOxg4QU7YsCLJXs7vx1HbVWA5vOOUp,750,527,12.0,1,3
https://lh3.googleusercontent.com/d/1icnOxg4QU7YsCLJXs7vx1HbVWA5vOOUp,867,520,16.0,1,6
https://lh3.googleusercontent.com/d/1icnOxg4QU7YsCLJXs7vx1HbVWA5vOOUp,844,471,19.0,1,2
https://lh3.googleusercontent.com/d/1icnOxg4QU7YsCLJXs7vx1HbVWA5vOOUp,897,479,13.0,1,
https://lh3.googleusercontent.com/d/1icnOxg4QU7YsCLJXs7vx1HbVWA5vOOUp,944,509,12.0,1,
https://lh3.googleusercontent.com/d/1icnOxg4QU7YsCLJXs7vx1HbVWA5vOOUp,989,581,15.0,1,
https://lh3.googleusercontent.com/d/1icnOxg4QU7YsCLJXs7vx1HbVWA5vOOUp,668,729,16.0,2,
https://lh3.googleusercontent.com/d/1icnOxg4QU7YsCLJXs7vx1HbVWA5vOOUp,697,812,14.0,1,
https://lh3.googleusercontent.com/d/1icnOxg4QU7YsCLJXs7vx1HbVWA5vOOUp,867,722,13.0,1,
https://lh3.googleusercontent.com/d/1icnOxg4QU7YsCLJXs7vx1HbVWA5vOOUp,894,810,20.0,1,
https://lh3.googleusercontent.com/d/1icnOxg4QU7YsCLJXs7vx1HbVWA5vOOUp,999,811,11.0,1,
https://lh3.googleusercontent.com/d/1icnOxg4QU7YsCLJXs7vx1HbVWA5vOOUp,1070,812,20.0,1,2
https://lh3.googleusercontent.com/d/1icnOxg4QU7YsCLJXs7vx1HbVWA5vOOUp,1535,640,26.0,2,2
https://lh3.googleusercontent.com/d/1icnOxg4QU7YsCLJXs7vx1HbVWA5vOOUp,590,761,23.0,2,2
https://lh3.googleusercontent.com/d/1Q_c0fB_VACRWoN6z52xvs4RtbTAUsBia,1405,526,14.0,1,
https://lh3.googleusercontent.com/d/1Q_c0fB_VACRWoN6z52xvs4RtbTAUsBia,1152,515,14.0,1,
https://lh3.googleusercontent.com/d/1Q_c0fB_VACRWoN6z52xvs4RtbTAUsBia,1093,532,15.0,1,2
https://lh3.googleusercontent.com/d/1Q_c0fB_VACRWoN6z52xvs4RtbTAUsBia,1062,535,24.0,2,2
https://lh3.googleusercontent.com/d/1Q_c0fB_VACRWoN6z52xvs4RtbTAUsBia,1005,524,20.0,1,
https://lh3.googleusercontent.com/d/1Q_c0fB_VACRWoN6z52xvs4RtbTAUsBia,950,477,16.0,1,
https://lh3.googleusercontent.com/d/1Q_c0fB_VACRWoN6z52xvs4RtbTAUsBia,1056,591,16.0,3,
https://lh3.googleusercontent.com/d/1Q_c0fB_VACRWoN6z52xvs4RtbTAUsBia,976,826,15.0,1,
https://lh3.googleusercontent.com/d/1Q_c0fB_VACRWoN6z52xvs4RtbTAUsBia,876,335,17.0,2,
https://lh3.googleusercontent.com/d/1Q_c0fB_VACRWoN6z52xvs4RtbTAUsBia,903,387,16.0,1,2
https://lh3.googleusercontent.com/d/1Q_c0fB_VACRWoN6z52xvs4RtbTAUsBia,850,374,17.0,1,2
https://lh3.googleusercontent.com/d/1Q_c0fB_VACRWoN6z52xvs4RtbTAUsBia,850,469,16.0,1,2
https://lh3.googleusercontent.com/d/1Q_c0fB_VACRWoN6z52xvs4RtbTAUsBia,874,533,15.0,1,
https://lh3.googleusercontent.com/d/1Q_c0fB_VACRWoN6z52xvs4RtbTAUsBia,802,485,16.0,1,3
https://lh3.googleusercontent.com/d/1Q_c0fB_VACRWoN6z52xvs4RtbTAUsBia,753,453,16.0,3,
https://lh3.googleusercontent.com/d/1Q_c0fB_VACRWoN6z52xvs4RtbTAUsBia,753,487,19.0,1,11
https://lh3.googleusercontent.com/d/1Q_c0fB_VACRWoN6z52xvs4RtbTAUsBia,762,533,18.0,2,3
https://lh3.googleusercontent.com/d/1Q_c0fB_VACRWoN6z52xvs4RtbTAUsBia,788,532,20.0,1,9
https://lh3.googleusercontent.com/d/1Q_c0fB_VACRWoN6z52xvs4RtbTAUsBia,648,795,13.0,1,
https://lh3.googleusercontent.com/d/1Q_c0fB_VACRWoN6z52xvs4RtbTAUsBia,457,781,20.0,3,
https://lh3.googleusercontent.com/d/1Q_c0fB_VACRWoN6z52xvs4RtbTAUsBia,398,772,25.0,3,
https://lh3.googleusercontent.com/d/1Q_c0fB_VACRWoN6z52xvs4RtbTAUsBia,507,678,12.0,1,
https://lh3.googleusercontent.com/d/1Q_c0fB_VACRWoN6z52xvs4RtbTAUsBia,567,678,16.0,1,
https://lh3.googleusercontent.com/d/1Q_c0fB_VACRWoN6z52xvs4RtbTAUsBia,606,645,16.0,1,
https://lh3.googleusercontent.com/d/1Q_c0fB_VACRWoN6z52xvs4RtbTAUsBia,649,659,13.0,1,
https://lh3.googleusercontent.com/d/1Q_c0fB_VACRWoN6z52xvs4RtbTAUsBia,696,683,13.0,1,
https://lh3.googleusercontent.com/d/1Q_c0fB_VACRWoN6z52xvs4RtbTAUsBia,701,631,16.0,1,3
https://lh3.googleusercontent.com/d/1Q_c0fB_VACRWoN6z52xvs4RtbTAUsBia,677,583,12.0,1,
https://lh3.googleusercontent.com/d/1Q_c0fB_VACRWoN6z52xvs4RtbTAUsBia,690,532,18.0,1,2
https://lh3.googleusercontent.com/d/1Q_c0fB_VACRWoN6z52xvs4RtbTAUsBia,658,536,19.0,2,1
https://lh3.googleusercontent.com/d/1Q_c0fB_VACRWoN6z52xvs4RtbTAUsBia,704,455,18.0,1,
https://lh3.googleusercontent.com/d/1Q_c0fB_VACRWoN6z52xvs4RtbTAUsBia,452,474,26.0,2,3
https://lh3.googleusercontent.com/d/1Q_c0fB_VACRWoN6z52xvs4RtbTAUsBia,656,376,15.0,1,2
https://lh3.googleusercontent.com/d/18JqDVKXNDCuz6JIQUEinwBWETl-HTkCD,177,449,15.0,1,
https://lh3.googleusercontent.com/d/18JqDVKXNDCuz6JIQUEinwBWETl-HTkCD,156,777,16.0,2,
https://lh3.googleusercontent.com/d/18JqDVKXNDCuz6JIQUEinwBWETl-HTkCD,251,811,17.0,1,3
https://lh3.googleusercontent.com/d/1wwEfGNVOYnaoOymAx74cWnebnyIGk30y,166,315,31.0,2,3
https://lh3.googleusercontent.com/d/1wwEfGNVOYnaoOymAx74cWnebnyIGk30y,180,540,27.0,2,
https://lh3.googleusercontent.com/d/1wwEfGNVOYnaoOymAx74cWnebnyIGk30y,192,625,19.0,1,
https://lh3.googleusercontent.com/d/1wwEfGNVOYnaoOymAx74cWnebnyIGk30y,180,734,23.0,2,
https://lh3.googleusercontent.com/d/1TgBqSSAapyPKDVW8s3e2q8R3WutoLBvM,182,307,18.0,1,
https://lh3.googleusercontent.com/d/1TgBqSSAapyPKDVW8s3e2q8R3WutoLBvM,410,308,17.0,1,
https://lh3.googleusercontent.com/d/1TgBqSSAapyPKDVW8s3e2q8R3WutoLBvM,620,450,18.0,1,
https://lh3.googleusercontent.com/d/1TgBqSSAapyPKDVW8s3e2q8R3WutoLBvM,1288,372,20.0,1,6
https://lh3.googleusercontent.com/d/1TgBqSSAapyPKDVW8s3e2q8R3WutoLBvM,1256,451,16.0,1,
https://lh3.googleusercontent.com/d/1TgBqSSAapyPKDVW8s3e2q8R3WutoLBvM,1007,595,15.0,1,
https://lh3.googleusercontent.com/d/1TgBqSSAapyPKDVW8s3e2q8R3WutoLBvM,1123,602,16.0,1,
https://lh3.googleusercontent.com/d/1TgBqSSAapyPKDVW8s3e2q8R3WutoLBvM,1235,613,16.0,1,
https://lh3.googleusercontent.com/d/1TgBqSSAapyPKDVW8s3e2q8R3WutoLBvM,835,666,16.0,1,
https://lh3.googleusercontent.com/d/1TgBqSSAapyPKDVW8s3e2q8R3WutoLBvM,1006,675,14.0,1,
https://lh3.googleusercontent.com/d/1TgBqSSAapyPKDVW8s3e2q8R3WutoLBvM,1179,669,16.0,1,
https://lh3.googleusercontent.com/d/1TgBqSSAapyPKDVW8s3e2q8R3WutoLBvM,1127,752,17.0,1,
https://lh3.googleusercontent.com/d/1TgBqSSAapyPKDVW8s3e2q8R3WutoLBvM,1100,815,30.0,1,6
https://lh3.googleusercontent.com/d/1TgBqSSAapyPKDVW8s3e2q8R3WutoLBvM,1236,891,20.0,1,
https://lh3.googleusercontent.com/d/12f289TC3nxnZ22Q9L43DxKte7uhkFGcA,139,248,20.0,1,3
https://lh3.googleusercontent.com/d/12f289TC3nxnZ22Q9L43DxKte7uhkFGcA,205,262,20.0,1,
https://lh3.googleusercontent.com/d/12f289TC3nxnZ22Q9L43DxKte7uhkFGcA,408,390,17.0,1,2
https://lh3.googleusercontent.com/d/12f289TC3nxnZ22Q9L43DxKte7uhkFGcA,1231,480,19.0,1,
https://lh3.googleusercontent.com/d/12f289TC3nxnZ22Q9L43DxKte7uhkFGcA,771,682,16.0,1,
https://lh3.googleusercontent.com/d/12f289TC3nxnZ22Q9L43DxKte7uhkFGcA,896,692,18.0,1,
https://lh3.googleusercontent.com/d/12f289TC3nxnZ22Q9L43DxKte7uhkFGcA,1226,975,29.0,1,2
https://lh3.googleusercontent.com/d/1aXW3FkAWEqyQAJvtCM_3Xl3sJdt17y_n,814,242,18.0,1,
https://lh3.googleusercontent.com/d/1aXW3FkAWEqyQAJvtCM_3Xl3sJdt17y_n,889,319,18.0,1,6
https://lh3.googleusercontent.com/d/1aXW3FkAWEqyQAJvtCM_3Xl3sJdt17y_n,814,399,21.0,1,2
https://lh3.googleusercontent.com/d/1aXW3FkAWEqyQAJvtCM_3Xl3sJdt17y_n,886,399,17.0,1,8
https://lh3.googleusercontent.com/d/1aXW3FkAWEqyQAJvtCM_3Xl3sJdt17y_n,969,588,21.0,1,2
https://lh3.googleusercontent.com/d/1aXW3FkAWEqyQAJvtCM_3Xl3sJdt17y_n,1043,555,14.0,1,
https://lh3.googleusercontent.com/d/1aXW3FkAWEqyQAJvtCM_3Xl3sJdt17y_n,1044,619,16.0,1,2
https://lh3.googleusercontent.com/d/1aXW3FkAWEqyQAJvtCM_3Xl3sJdt17y_n,803,768,17.0,1,
https://lh3.googleusercontent.com/d/1aXW3FkAWEqyQAJvtCM_3Xl3sJdt17y_n,1274,481,19.0,1,
https://lh3.googleusercontent.com/d/1aXW3FkAWEqyQAJvtCM_3Xl3sJdt17y_n,1342,391,17.0,1,
https://lh3.googleusercontent.com/d/1aXW3FkAWEqyQAJvtCM_3Xl3sJdt17y_n,1407,388,23.0,2,
https://lh3.googleusercontent.com/d/1aXW3FkAWEqyQAJvtCM_3Xl3sJdt17y_n,1346,451,20.0,2,
https://lh3.googleusercontent.com/d/1aXW3FkAWEqyQAJvtCM_3Xl3sJdt17y_n,1047,333,19.0,3,
https://lh3.googleusercontent.com/d/17GSYt6Mqt5MCtohXQSPQqkXt_Oqll_zv,581,733,22.0,1,
https://lh3.googleusercontent.com/d/17GSYt6Mqt5MCtohXQSPQqkXt_Oqll_zv,752,657,14.0,1,2
https://lh3.googleusercontent.com/d/17GSYt6Mqt5MCtohXQSPQqkXt_Oqll_zv,915,655,16.0,1,8
https://lh3.googleusercontent.com/d/17GSYt6Mqt5MCtohXQSPQqkXt_Oqll_zv,1068,744,22.0,1,2
https://lh3.googleusercontent.com/d/17GSYt6Mqt5MCtohXQSPQqkXt_Oqll_zv,980,624,18.0,1,3
https://lh3.googleusercontent.com/d/17GSYt6Mqt5MCtohXQSPQqkXt_Oqll_zv,1048,581,15.0,1,
https://lh3.googleusercontent.com/d/17GSYt6Mqt5MCtohXQSPQqkXt_Oqll_zv,1210,670,15.0,1,1
https://lh3.googleusercontent.com/d/17GSYt6Mqt5MCtohXQSPQqkXt_Oqll_zv,1353,672,15.0,1,
https://lh3.googleusercontent.com/d/17GSYt6Mqt5MCtohXQSPQqkXt_Oqll_zv,894,305,17.0,1,
https://lh3.googleusercontent.com/d/17GSYt6Mqt5MCtohXQSPQqkXt_Oqll_zv,955,205,20.0,1,
https://lh3.googleusercontent.com/d/17GSYt6Mqt5MCtohXQSPQqkXt_Oqll_zv,941,100,15.0,1,
https://lh3.googleusercontent.com/d/17GSYt6Mqt5MCtohXQSPQqkXt_Oqll_zv,1360,145,14.0,1,2
https://lh3.googleusercontent.com/d/17GSYt6Mqt5MCtohXQSPQqkXt_Oqll_zv,1378,210,22.0,2,2
https://lh3.googleusercontent.com/d/17GSYt6Mqt5MCtohXQSPQqkXt_Oqll_zv,1420,213,17.0,1,2
https://lh3.googleusercontent.com/d/14SngURwPNLBKa0R0LZiNEBznaRTqDHfk,317,143,16.0,3,2
https://lh3.googleusercontent.com/d/14SngURwPNLBKa0R0LZiNEBznaRTqDHfk,366,130,16.0,3,
https://lh3.googleusercontent.com/d/14SngURwPNLBKa0R0LZiNEBznaRTqDHfk,559,78,18.0,3,
https://lh3.googleusercontent.com/d/14SngURwPNLBKa0R0LZiNEBznaRTqDHfk,457,138,14.0,3,
https://lh3.googleusercontent.com/d/14SngURwPNLBKa0R0LZiNEBznaRTqDHfk,448,164,14.0,2,
https://lh3.googleusercontent.com/d/14SngURwPNLBKa0R0LZiNEBznaRTqDHfk,435,181,14.0,1,
https://lh3.googleusercontent.com/d/14SngURwPNLBKa0R0LZiNEBznaRTqDHfk,526,171,21.0,3,3
https://lh3.googleusercontent.com/d/14SngURwPNLBKa0R0LZiNEBznaRTqDHfk,560,195,15.0,2,
https://lh3.googleusercontent.com/d/14SngURwPNLBKa0R0LZiNEBznaRTqDHfk,485,227,16.0,3,
https://lh3.googleusercontent.com/d/14SngURwPNLBKa0R0LZiNEBznaRTqDHfk,380,246,16.0,3,2
https://lh3.googleusercontent.com/d/14SngURwPNLBKa0R0LZiNEBznaRTqDHfk,371,271,17.0,2,3
https://lh3.googleusercontent.com/d/14SngURwPNLBKa0R0LZiNEBznaRTqDHfk,486,291,18.0,3,3
https://lh3.googleusercontent.com/d/1w8YnFclXi9R4EKF5wPL4gMutIIhaXHF1,258,106,18.0,1,
https://lh3.googleusercontent.com/d/1w8YnFclXi9R4EKF5wPL4gMutIIhaXHF1,340,99,11.0,1,
https://lh3.googleusercontent.com/d/1w8YnFclXi9R4EKF5wPL4gMutIIhaXHF1,295,129,24.0,2,6
https://lh3.googleusercontent.com/d/1w8YnFclXi9R4EKF5wPL4gMutIIhaXHF1,369,119,21.0,3,5
https://lh3.googleusercontent.com/d/1w8YnFclXi9R4EKF5wPL4gMutIIhaXHF1,410,142,18.0,2,2
https://lh3.googleusercontent.com/d/1w8YnFclXi9R4EKF5wPL4gMutIIhaXHF1,327,156,15.0,1,2
https://lh3.googleusercontent.com/d/1w8YnFclXi9R4EKF5wPL4gMutIIhaXHF1,365,187,19.0,3,2
https://lh3.googleusercontent.com/d/1w8YnFclXi9R4EKF5wPL4gMutIIhaXHF1,346,236,18.0,2,3
https://lh3.googleusercontent.com/d/1w8YnFclXi9R4EKF5wPL4gMutIIhaXHF1,412,247,21.0,3,2
https://lh3.googleusercontent.com/d/1w8YnFclXi9R4EKF5wPL4gMutIIhaXHF1,559,203,15.0,1,2
https://lh3.googleusercontent.com/d/1w8YnFclXi9R4EKF5wPL4gMutIIhaXHF1,586,558,20.0,3,1
https://lh3.googleusercontent.com/d/1w8YnFclXi9R4EKF5wPL4gMutIIhaXHF1,651,595,22.0,2,3
https://lh3.googleusercontent.com/d/1w8YnFclXi9R4EKF5wPL4gMutIIhaXHF1,620,616,12.0,1,
https://lh3.googleusercontent.com/d/1w8YnFclXi9R4EKF5wPL4gMutIIhaXHF1,744,362,15.0,1,
https://lh3.googleusercontent.com/d/1w8YnFclXi9R4EKF5wPL4gMutIIhaXHF1,852,362,23.0,3,3
https://lh3.googleusercontent.com/d/1w8YnFclXi9R4EKF5wPL4gMutIIhaXHF1,906,413,26.0,2,2
https://lh3.googleusercontent.com/d/1xqGyvlbyoZU_05ixA3qWaWQVWQ9ropl6,1022,136,18.0,1,4
https://lh3.googleusercontent.com/d/1xqGyvlbyoZU_05ixA3qWaWQVWQ9ropl6,1093,148,15.0,1,2
https://lh3.googleusercontent.com/d/1xqGyvlbyoZU_05ixA3qWaWQVWQ9ropl6,1138,114,18.0,1,4
https://lh3.googleusercontent.com/d/1xqGyvlbyoZU_05ixA3qWaWQVWQ9ropl6,1220,115,18.0,1,
https://lh3.googleusercontent.com/d/1xqGyvlbyoZU_05ixA3qWaWQVWQ9ropl6,1216,206,20.0,1,3
https://lh3.googleusercontent.com/d/1xqGyvlbyoZU_05ixA3qWaWQVWQ9ropl6,1138,251,16.0,1,
https://lh3.googleusercontent.com/d/1xqGyvlbyoZU_05ixA3qWaWQVWQ9ropl6,1022,199,18.0,1,2
https://lh3.googleusercontent.com/d/1xqGyvlbyoZU_05ixA3qWaWQVWQ9ropl6,1024,306,16.0,1,2
https://lh3.googleusercontent.com/d/1xqGyvlbyoZU_05ixA3qWaWQVWQ9ropl6,1142,333,17.0,1,
https://lh3.googleusercontent.com/d/1xqGyvlbyoZU_05ixA3qWaWQVWQ9ropl6,1140,445,16.0,1,
https://lh3.googleusercontent.com/d/1xqGyvlbyoZU_05ixA3qWaWQVWQ9ropl6,1338,445,14.0,1,
https://lh3.googleusercontent.com/d/1xqGyvlbyoZU_05ixA3qWaWQVWQ9ropl6,1255,480,15.0,1,
https://lh3.googleusercontent.com/d/1xqGyvlbyoZU_05ixA3qWaWQVWQ9ropl6,1218,546,15.0,1,2
https://lh3.googleusercontent.com/d/1xqGyvlbyoZU_05ixA3qWaWQVWQ9ropl6,1337,545,18.0,1,
https://lh3.googleusercontent.com/d/1xqGyvlbyoZU_05ixA3qWaWQVWQ9ropl6,1136,564,22.0,1,5
https://lh3.googleusercontent.com/d/1xqGyvlbyoZU_05ixA3qWaWQVWQ9ropl6,1143,654,14.0,1,
https://lh3.googleusercontent.com/d/1xqGyvlbyoZU_05ixA3qWaWQVWQ9ropl6,1023,657,15.0,1,
https://lh3.googleusercontent.com/d/1xqGyvlbyoZU_05ixA3qWaWQVWQ9ropl6,1338,654,16.0,1,
https://lh3.googleusercontent.com/d/1xqGyvlbyoZU_05ixA3qWaWQVWQ9ropl6,1221,804,18.0,1,3
https://lh3.googleusercontent.com/d/1xqGyvlbyoZU_05ixA3qWaWQVWQ9ropl6,1143,814,15.0,1,
https://lh3.googleusercontent.com/d/1xqGyvlbyoZU_05ixA3qWaWQVWQ9ropl6,1020,760,15.0,1,
https://lh3.googleusercontent.com/d/1xqGyvlbyoZU_05ixA3qWaWQVWQ9ropl6,1084,873,18.0,1,3
https://lh3.googleusercontent.com/d/1xqGyvlbyoZU_05ixA3qWaWQVWQ9ropl6,1141,914,18.0,1,2
https://lh3.googleusercontent.com/d/1xqGyvlbyoZU_05ixA3qWaWQVWQ9ropl6,1222,915,16.0,1,2
https://lh3.googleusercontent.com/d/1xqGyvlbyoZU_05ixA3qWaWQVWQ9ropl6,1252,992,16.0,1,2
https://lh3.googleusercontent.com/d/1xqGyvlbyoZU_05ixA3qWaWQVWQ9ropl6,1335,1017,20.0,1,4
https://lh3.googleusercontent.com/d/1iq0FxmUbsrwa8kEouAtY0v7QF34Lpwv3,1134,927,18.0,1,3
https://lh3.googleusercontent.com/d/1iq0FxmUbsrwa8kEouAtY0v7QF34Lpwv3,1218,898,18.0,1,2
https://lh3.googleusercontent.com/d/1iq0FxmUbsrwa8kEouAtY0v7QF34Lpwv3,1338,815,18.0,1,2
https://lh3.googleusercontent.com/d/1iq0FxmUbsrwa8kEouAtY0v7QF34Lpwv3,1219,785,20.0,1,4
https://lh3.googleusercontent.com/d/1iq0FxmUbsrwa8kEouAtY0v7QF34Lpwv3,1138,784,21.0,1,2
https://lh3.googleusercontent.com/d/1iq0FxmUbsrwa8kEouAtY0v7QF34Lpwv3,1080,719,22.0,1,
https://lh3.googleusercontent.com/d/1iq0FxmUbsrwa8kEouAtY0v7QF34Lpwv3,1275,724,17.0,1,
https://lh3.googleusercontent.com/d/1iq0FxmUbsrwa8kEouAtY0v7QF34Lpwv3,1233,552,17.0,1,4
https://lh3.googleusercontent.com/d/1iq0FxmUbsrwa8kEouAtY0v7QF34Lpwv3,1139,577,20.0,1,3
https://lh3.googleusercontent.com/d/1iq0FxmUbsrwa8kEouAtY0v7QF34Lpwv3,1027,581,17.0,1,3
https://lh3.googleusercontent.com/d/1iq0FxmUbsrwa8kEouAtY0v7QF34Lpwv3,1037,496,17.0,1,
https://lh3.googleusercontent.com/d/1iq0FxmUbsrwa8kEouAtY0v7QF34Lpwv3,1146,450,15.0,1,
https://lh3.googleusercontent.com/d/1iq0FxmUbsrwa8kEouAtY0v7QF34Lpwv3,1223,470,19.0,1,3
https://lh3.googleusercontent.com/d/1iq0FxmUbsrwa8kEouAtY0v7QF34Lpwv3,1229,338,20.0,1,2
https://lh3.googleusercontent.com/d/1iq0FxmUbsrwa8kEouAtY0v7QF34Lpwv3,1146,357,20.0,1,2
https://lh3.googleusercontent.com/d/1iq0FxmUbsrwa8kEouAtY0v7QF34Lpwv3,1035,354,17.0,1,2
https://lh3.googleusercontent.com/d/1iq0FxmUbsrwa8kEouAtY0v7QF34Lpwv3,1143,270,17.0,1,2
https://lh3.googleusercontent.com/d/1iq0FxmUbsrwa8kEouAtY0v7QF34Lpwv3,1230,274,18.0,1,2
https://lh3.googleusercontent.com/d/1iq0FxmUbsrwa8kEouAtY0v7QF34Lpwv3,1341,222,14.0,1,
https://lh3.googleusercontent.com/d/1iq0FxmUbsrwa8kEouAtY0v7QF34Lpwv3,1031,159,18.0,1,
https://lh3.googleusercontent.com/d/1ZTHELJGE0-DGxgJazwjpGNWIZVWYCmi5,117,294,28.0,2,2
https://lh3.googleusercontent.com/d/1ZTHELJGE0-DGxgJazwjpGNWIZVWYCmi5,126,398,28.0,2,2
https://lh3.googleusercontent.com/d/1ZTHELJGE0-DGxgJazwjpGNWIZVWYCmi5,102,447,23.0,3,
https://lh3.googleusercontent.com/d/1ZTHELJGE0-DGxgJazwjpGNWIZVWYCmi5,145,449,17.0,1,2
https://lh3.googleusercontent.com/d/1ZTHELJGE0-DGxgJazwjpGNWIZVWYCmi5,100,551,22.0,2,
https://lh3.googleusercontent.com/d/1ZTHELJGE0-DGxgJazwjpGNWIZVWYCmi5,145,548,26.0,3,2
https://lh3.googleusercontent.com/d/1ZTHELJGE0-DGxgJazwjpGNWIZVWYCmi5,130,590,22.0,1,4
https://lh3.googleusercontent.com/d/1Vi-exe6QNF8tfgd6ScbpkNKBbSx9XtWi,137,227,18.0,1,3
https://lh3.googleusercontent.com/d/1Vi-exe6QNF8tfgd6ScbpkNKBbSx9XtWi,165,258,25.0,3,2
https://lh3.googleusercontent.com/d/1Vi-exe6QNF8tfgd6ScbpkNKBbSx9XtWi,122,254,21.0,2,4
https://lh3.googleusercontent.com/d/1Vi-exe6QNF8tfgd6ScbpkNKBbSx9XtWi,122,298,20.0,3,2
https://lh3.googleusercontent.com/d/1Vi-exe6QNF8tfgd6ScbpkNKBbSx9XtWi,165,297,16.0,1,
https://lh3.googleusercontent.com/d/1Vi-exe6QNF8tfgd6ScbpkNKBbSx9XtWi,125,402,17.0,1,
https://lh3.googleusercontent.com/d/1Vi-exe6QNF8tfgd6ScbpkNKBbSx9XtWi,156,408,19.0,3,
https://lh3.googleusercontent.com/d/1Vi-exe6QNF8tfgd6ScbpkNKBbSx9XtWi,137,452,22.0,2,
https://lh3.googleusercontent.com/d/1Vi-exe6QNF8tfgd6ScbpkNKBbSx9XtWi,115,551,20.0,2,2
https://lh3.googleusercontent.com/d/1Vi-exe6QNF8tfgd6ScbpkNKBbSx9XtWi,158,552,20.0,3,2
https://lh3.googleusercontent.com/d/1Vi-exe6QNF8tfgd6ScbpkNKBbSx9XtWi,156,600,22.0,3,2
https://lh3.googleusercontent.com/d/1Vi-exe6QNF8tfgd6ScbpkNKBbSx9XtWi,118,593,18.0,2,
